Title,Views,Video Duration,Upload Time,Thumbnails
One Who Feels | صاحب درد,401 views,5:35,,https://i.ytimg.com/vi/HMkqT2HjyyA/hqdefault.jpg?sqp=-oaymwEcCNACELwBSFXyq4qpAw4IARUAAIhCGAFwAcABBg==&rs=AOn4CLDq8h9pf8l8GTMQ6Jo7icFHkDQ9Yw
Advice for Married Men | شادی شدہ مرد,8.7K views,3:32,,https://i.ytimg.com/vi/40MD1XrP1OE/hqdefault.jpg?sqp=-oaymwEcCNACELwBSFXyq4qpAw4IARUAAIhCGAFwAcABBg==&rs=AOn4CLCVuixhZ2fXlBFPMXvFWI0Qd6bC2A
Ek Ajeeb Dua | ایک عجیب دعا,12K views,3:40,,https://i.ytimg.com/vi/DHwq5EBpgx0/hqdefault.jpg?sqp=-oaymwEcCNACELwBSFXyq4qpAw4IARUAAIhCGAFwAcABBg==&rs=AOn4CLDVjsAAuHwOo3YuOlNaToI24_Ubkg
Advice for Married Women | شادی شدہ عورتیں,13K views,3:39,,https://i.ytimg.com/vi/SWe92_rDi5k/hqdefault.jpg?sqp=-oaymwEcCNACELwBSFXyq4qpAw4IARUAAIhCGAFwAcABBg==&rs=AOn4CLCUqCGXHxOX8FX-cSwjNpDzwbck7w
How to Get E2 Visa | E2 ویزا کیسے حاصل کریں,5.8K views,14:07,,
In the Land of Wolves | بھیڑیوں کے  دیس میں  | भेड़ियों के देश में,14K views,6:48,,
Why Kids Don't Behave | بچے کیوں نہیں سدھرتے | बच्चे व्यवहार क्यों नहीं करते,9K views,4:35,,
How to Grow YouTube from Facebook | فیس بک کی مدد سے یو ٹیوب سبسکرائبرز لائیں,"Premieres 4/16/23, 7:15 PM",UPCOMING,,
Sell Anything on Facebook | فیس بک پر کچھ بھی بیچیں,"Premieres 4/15/23, 7:15 PM",UPCOMING,,
Wronged by your Own | اپنوں کے ستائے ہوئے,"Premieres 4/17/23, 7:15 PM",UPCOMING,,
What's Your North Star? | محور,"Premieres 4/12/23, 7:15 PM",UPCOMING,,
Life Long Skills - Respect | زندگی بھر کی کمائی - ادب,"Premieres 4/13/23, 7:15 PM",UPCOMING,,
Self Made Fallacy | سیلف میڈ لوگوں کا المیہ,"Premieres 4/18/23, 7:15 PM",UPCOMING,,
Lifelong Skills - Don't Lie | جھوٹ مت بولیں,"Premieres 4/14/23, 7:15 PM",UPCOMING,,
For Poor Only | غریبوں کے لئے | केवल गरीबों के लिए,33K views,4:57,,
Imported Imam | امپورٹڈ امام,6.8K views,2:48,,
Are You Going for Umrah | کیا آپ عمرہ پر جا رہے ہیں |क्या आप उमरा के लिए जा रहे हैं,8.5K views,3:32,,
US Visa Interview | امریکہ کا ویزا انٹرویو | यूएस वीजा साक्षात्कार,20K views,8:08,,
What Freelancers Should Do | فری لانسرز کیا کریں  | फ्रीलांसर क्या करते हैं?,28K views,9:57,,
I'm Not Pious | میں اچھا آدمی نہیں ہوں | मैं एक अच्छा इंसान नहीं हूँ,11K views,4:43,,
Wrap it Up | لپیٹ دو نظام کو | सिस्टम को लपेटो,33K views,10:12,,
When to Fear Allah | اللہ سے کب ڈرنا ہے؟ | कब अल्लाह से डरना चाहिए?,8.2K views,5:44,,
How to Make 1000$ from YouTube Per Month | یو ٹیوب سے ماہانہ یقینی 1000 ڈالر کمائیں,142K views,13:39,,
Hasten to Goodness | نیکی میں جلدی کریں | अच्छाई के लिए जल्दी करो,9.2K views,6:46,,
How to Spend Ramadhan | رمضان کیسے گذاریں؟ |  रमजान कैसे बिताएं,56K views,4:19,,https://i.ytimg.com/vi/DPU7uBMnsdA/hqdefault.jpg?sqp=-oaymwEcCNACELwBSFXyq4qpAw4IARUAAIhCGAFwAcABBg==&rs=AOn4CLAzOK8TrAhcDfDvJdFP6vk4aonG7Q
"Earn Money, Make Videos | ویڈیو بنائیں پیسہ کمائیں | वीडियो बनाओ और पैसे कमाओ!",16K views,2:53,,https://i.ytimg.com/vi/Ri_OtjJGgwg/hqdefault.jpg?sqp=-oaymwEcCNACELwBSFXyq4qpAw4IARUAAIhCGAFwAcABBg==&rs=AOn4CLAoXYbDuOmG1jHYqvuR3r5NaDVjpQ
Walee Demo | ولی ڈیمو | वाला डेमो,20K views,13:48,,https://i.ytimg.com/vi/99dEHUZ85BU/hqdefault.jpg?sqp=-oaymwEcCNACELwBSFXyq4qpAw4IARUAAIhCGAFwAcABBg==&rs=AOn4CLDKJU51N8lmtqQBwCte2su-NHD_Qw
Pay Zakat | زکواۃ نکالیں | जकात अदा करें,10K views,9:57,,https://i.ytimg.com/vi/W9Pya5sj5tY/hqdefault.jpg?sqp=-oaymwEcCNACELwBSFXyq4qpAw4IARUAAIhCGAFwAcABBg==&rs=AOn4CLAvgl8eWd2etzvQsTSsiSJyF3V9qQ
How to Find Peace | سکون کیسے حاصل کریں | शांति कैसे पाएं,18K views,6:29,,https://i.ytimg.com/vi/aTswOXGfbbs/hqdefault.jpg?sqp=-oaymwEcCNACELwBSFXyq4qpAw4IARUAAIhCGAFwAcABBg==&rs=AOn4CLDBKKsIB_2xFW7SJiTOC_zvLS46Jg
Someone Special | کوئی تو ہو | कोई तो है,16K views,5:21,,https://i.ytimg.com/vi/B_LooCALvwg/hqdefault.jpg?sqp=-oaymwEcCNACELwBSFXyq4qpAw4IARUAAIhCGAFwAcABBg==&rs=AOn4CLAo9N0d7OiJYes_9OfqDt95or9qWQ
Nothing is Permanent | مستقل کچھ نہیں | कुछ भी स्थायी नहीं,20K views,9:39,,https://i.ytimg.com/vi/NpgHLpuwrjo/hqdefault.jpg?sqp=-oaymwEcCNACELwBSFXyq4qpAw4IARUAAIhCGAFwAcABBg==&rs=AOn4CLCtIzHveTTZTac3YHnqT4DygScPeg
Donate to Read Foundation | ریڈ فاؤنڈیشن کو صدقہ دیں  | फाउंडेशन पढ़ने के लिए दान करें,5.8K views,3:52,,https://i.ytimg.com/vi/cl2DgXjuoPQ/hqdefault.jpg?sqp=-oaymwEcCNACELwBSFXyq4qpAw4IARUAAIhCGAFwAcABBg==&rs=AOn4CLDV-oNeOVaMWruZx3F5dE4ABw8HWg
How to Make Money from Data Visualization | ڈیٹا ویزوالیزاشن سے پیسہ کمائیں,15K views,4:22,,
How to Work and Progress in Pakistan | پاکستان میں کام کرنے کے چودہ نکات,18K views,12:12,,
How to Read More Books | अधिक पुस्तकें कैसे पढ़ें? |زیادہ کتابیں کیسے پڑھیں؟,11K views,5:07,,
Mistakes of Adulthood | جوانی کی غلطیاں | युवाओं की गलतियाँ,24K views,6:57,,
Respect Your Kids | بچوں کی عزت کریں | बच्चों का सम्मान करें,13K views,7:15,,
"How to Verify OTP (PayPal, Amazon) -  کیسے ویری فائی کریں  (پے پل، ایمیزون) OTP",13K views,5:34,,
Technical Program Manager Career Path | ٹیکنیکل پروگرام مینیجر کیریئر پاتھ,7.2K views,4:04,,
Change your Life in Three Hours | تین گھنٹوں میں زندگی بدلیں |तीन घंटे में अपना जीवन बदलें,141K views,3:26,,
Cloud Computing Career Path | کلاؤڈ کمپیوٹنگ کیریئر پاتھ | क्लाउड कंप्यूटिंग करियर पथ,8.3K views,2:16,,
Take Care of Yourself | اپنا خیال رکھیں | अपना ख्याल,29K views,9:08,,
Digital Marketing Career Path | ڈیجیٹل مارکیٹنگ کیریئر پاتھ | डिजिटल मार्केटिंग करियर पथ,27K views,5:45,,
Affiliate Marketing Marketplace | اففلیٹ مارکیٹنگ کا باپ | सहबद्ध विपणन के जनक,31K views,4:45,,
Amazon Affiliate Marketing for Beginners - A Step by Step Guide,24K views,5:18,,
Heart is Gone | ہم دل دے بیٹھے | हम मन लगाकर बैठे,17K views,6:35,,
Learn for Free | مفت میں سیکھیں | मुफ्त में सीखें,42K views,6:04,,
Virtual Sales Agent | کمیشن پر بزنس حاصل کریں | कमीशन पर व्यवसाय कमाएँ,25K views,8:17,,
"Play Games, Earn Money | گیم کھیلیں، پیسہ کمائیں  |  गेम खेलो, पैसा कमाओ",54K views,1:52,,
"Sell Internet, Earn Money | انٹرنیٹ بیچیں، پیسہ کمائیں | इंटरनेट बेचो, पैसा कमाओ",205K views,3:53,,
"Experts Networks Master Class | تجربہ بتائیں، پیسہ کمائیں  | अनुभव साझा करें, पैसा कमाएं",45K views,12:43,,
This will happen when Pakistan Defaults | اگر پاکستان ڈیفالٹ ہوگیا تو یہ ہوگا,236K views,7:46,,
Ramboda Falls | رامبودہ فالز,3.7K views,5:25,,
What Happened in Sri Lanka? | سری لنکا میں کیا ہوا؟ | श्रीलंका में क्या हुआ?,15K views,9:00,,
Tooth Temple | بدھا کا دانت,3.8K views,6:08,,https://i.ytimg.com/vi/nCEbfKgXl4M/hqdefault.jpg?sqp=-oaymwEcCNACELwBSFXyq4qpAw4IARUAAIhCGAFwAcABBg==&rs=AOn4CLDEHl1qv97Pho9ca0xTJ_0GtwnA5Q
Kandy Lake | کینڈی لیک,4K views,4:23,,https://i.ytimg.com/vi/gjXAeUGDbEE/hqdefault.jpg?sqp=-oaymwEcCNACELwBSFXyq4qpAw4IARUAAIhCGAFwAcABBg==&rs=AOn4CLBqaxN_ZsDO5OnNJe3SEQ0lWTPx_Q
When a Country Defaults | ملک ڈیفالٹ ہوجاۓ تو کیا ہوتا ہے؟ | जब कोई देश डिफॉल्ट करता है,112K views,11:05,,https://i.ytimg.com/vi/3bswnq8vmf0/hqdefault.jpg?sqp=-oaymwEcCNACELwBSFXyq4qpAw4IARUAAIhCGAFwAcABBg==&rs=AOn4CLAdTBO97WPwU0MkLcPa4X-1U7EIsw
Hatch | سری لنکا سٹارٹ اپ سینٹر | श्री लंका स्टार्टअप केंद्र,8.5K views,2:06,,https://i.ytimg.com/vi/NoV9RpdYUoY/hqdefault.jpg?sqp=-oaymwEcCNACELwBSFXyq4qpAw4IARUAAIhCGAFwAcABBg==&rs=AOn4CLB0g4cDHqL1NK4z1wW0J9XRnLFnJg
Botanical Garden | پھول نگر  | फूल नगर,7.3K views,11:15,,https://i.ytimg.com/vi/zRB666vwegQ/hqdefault.jpg?sqp=-oaymwEcCNACELwBSFXyq4qpAw4IARUAAIhCGAFwAcABBg==&rs=AOn4CLBCbASj5GPaI1-akHbjpLFJwJUMGQ
Elephants' Orphanage | ہاتھیوں کا یتیم خانہ  | हाथियों का अनाथालय,6.5K views,5:08,,https://i.ytimg.com/vi/bmlz53vRcXg/hqdefault.jpg?sqp=-oaymwEcCNACELwBSFXyq4qpAw4IARUAAIhCGAFwAcABBg==&rs=AOn4CLBNTuEfr99ksH43VzoWeSizBZpXLw
"Make Money, Sale Software | سافٹ ویئر بیچیں، پیسہ کمائیں | सॉफ्टवेयर बेचो, पैसे कमाओ",35K views,3:40,,https://i.ytimg.com/vi/bzGbLdtaJ0k/hqdefault.jpg?sqp=-oaymwEcCNACELwBSFXyq4qpAw4IARUAAIhCGAFwAcABBg==&rs=AOn4CLB1oi7wO_5v9ZAH8zil-LBvEdPSxQ
"Make Money from Audio Books | آڈیو کتابیں بنائیں، پیسہ کمائیں | ऑडियो बुक्स बनाएं, पैसा कमाएं",51K views,3:31,,https://i.ytimg.com/vi/bHZjRyzBjRc/hqdefault.jpg?sqp=-oaymwEcCNACELwBSFXyq4qpAw4IARUAAIhCGAFwAcABBg==&rs=AOn4CLDxk8Wke0DxF7F6yU_ROGgvdyqb4A
How to Bring Dollars | ڈالرز کیسے لائیں | डॉलर कैसे लाए,126K views,10:18,,
Small Prayers | چھوٹی موٹی دعائیں | छोटी-छोटी प्रार्थनाएँ,13K views,6:08,,
Your Exit is Here | آپکا ایگزٹ لگ گیا | आपका एग्जिट लग गया,33K views,7:25,,
Power Shutdown in Pakistan | بجلی نہیں تو کیا؟ | क्या होगा अगर बिजली नहीं है?,16K views,2:45,,
ChatGPT and Islam | اے آئ مفتی | ऑनलाइन मुफ्ती,32K views,8:32,,
Learn Quran Online | آن لائن قرآن پڑھیں | कुरान ऑनलाइन सीखें | Qario.io,14K views,6:05,,
Zeeshan Usmani App | ذیشان عثمانی ایپ | जीशान उस्मानी ऐप,11K views,2:51,,
Three Benefits of Worship | عبادت کے تین فائدے | उपासना के तीन लाभ,14K views,5:09,,
Common Men Survival | عام آدمی کیا کرے؟ | एक आम आदमी को क्या करना चाहिए?,76K views,11:34,,
Silence is a Skill | خاموشی سے مدد لیں  | चुपचाप सहायता प्राप्त करें,400K views,5:13,,
Memorize Your Parents | ماں باپ حفظ کرلیں  | माता-पिता को याद करें,42K views,9:18,,
Get Stake - موبائل سے پیسہ کمائیں  | Earn from Mobile | मोबाइल से पैसे कमाए,53K views,7:17,,
How to Get out of the Past | ماضی سے باہر کیسے نکلیں  | अतीत से बाहर निकलो,39K views,5:27,,
Beware of Wise People | عقلمندوں سے ہوشیار | ज्ञानियों से सावधान रहें,30K views,4:00,,
Don't Indulge in Apathy | بے حسی میں حصّہ نہ ڈالیں | उदासीनता में लिप्त न हों,24K views,6:59,,
How to Get Rich | رزق بڑھانے کا آسان ترین نسخہ | अमीर कैसे बनें,99K views,4:14,,
How to Overcome Career Fatigue | کیریئر میں پھنس گئے ہیں | करियर में फंसे हुए हैं,22K views,8:07,,
How to Grow | آگے بڑھنے کے لئے کیا کریں؟ |आगे बढ़ने के लिए क्या करें,19K views,4:03,,
Big Talk on YouTube | یوٹیوب پر بڑی بڑی باتیں | यूट्यूब पर बड़ी बातें,15K views,6:14,,
Hunger | بھوک | भूख,14K views,5:57,,
Fraudistan Part 2 | فراڈستان پارٹ ٢ | धोखाधड़ी,15K views,6:58,,
Fake Profiles | فیک پروفائل  | नकली प्रोफाइल,9K views,5:10,,
In Memory of Jafar Abbas | جعفر عبّاس صاحب کی یاد میں,6.9K views,9:13,,https://i.ytimg.com/vi/KaSNbNJVyCg/hqdefault.jpg?sqp=-oaymwEcCNACELwBSFXyq4qpAw4IARUAAIhCGAFwAcABBg==&rs=AOn4CLAIGMDC-d1aWbxkC_svUCIFjDmO9A
Hiccup | ہچکی  | हिचकी,16K views,7:27,,https://i.ytimg.com/vi/vuLbL2pjSHs/hqdefault.jpg?sqp=-oaymwEcCNACELwBSFXyq4qpAw4IARUAAIhCGAFwAcABBg==&rs=AOn4CLBpav1vRRWegXqiG__YOxlhJGwkDw
What Not to Do in New Year? | نئے سال میں کیا نہ کریں؟ | नए साल में क्या न करें?,19K views,6:12,,https://i.ytimg.com/vi/wKnrJKKu1HA/hqdefault.jpg?sqp=-oaymwEcCNACELwBSFXyq4qpAw4IARUAAIhCGAFwAcABBg==&rs=AOn4CLDGQFDt5x37UJH79uKoDSIlDGgrcQ
My Audience's Problems | میری آڈینس کے مسائل | मेरे दर्शकों की समस्या,12K views,6:45,,https://i.ytimg.com/vi/XO9Rk1EyLsM/hqdefault.jpg?sqp=-oaymwEcCNACELwBSFXyq4qpAw4IARUAAIhCGAFwAcABBg==&rs=AOn4CLDsn3dqgLlGUgwaBAS-NFIQIguIZw
What to do in New Year? | نئے سال میں کیا کریں؟ | नए साल में क्या करें,61K views,10:05,,https://i.ytimg.com/vi/T1mRSswHybY/hqdefault.jpg?sqp=-oaymwEcCNACELwBSFXyq4qpAw4IARUAAIhCGAFwAcABBg==&rs=AOn4CLD8zOut6btgDPnmvyubvQiFq_RqYg
Meeting with Bilawal Bhutto Zardari | بلاول بھٹو زرداری سے ملاقات | बिलावल भुट्टो से मुलाकात,28K views,13:02,,https://i.ytimg.com/vi/N2jf3mcs-iQ/hqdefault.jpg?sqp=-oaymwEcCNACELwBSFXyq4qpAw4IARUAAIhCGAFwAcABBg==&rs=AOn4CLDqdYvSdktJZMQuG6X_c1JtIyZnzQ
Year 2022 - What Happened? | سال 2022 کیا کھویا کیا پایا ؟,20K views,7:23,,https://i.ytimg.com/vi/5d3VVt8eEk8/hqdefault.jpg?sqp=-oaymwEcCNACELwBSFXyq4qpAw4IARUAAIhCGAFwAcABBg==&rs=AOn4CLAAzUfYyJIUqjZvIZjnSR5eam-FaA
Hire To Insult | گالیوں کا اسٹارٹ اپ | Zeeshan Usmani,17K views,14:06,,https://i.ytimg.com/vi/UggufB7-EAQ/hqdefault.jpg?sqp=-oaymwEcCNACELwBSFXyq4qpAw4IARUAAIhCGAFwAcABBg==&rs=AOn4CLAA7MsajhKYozXmHeQsF8-wWG0pxw
How To Get Confidence | زندگی میں کنفڈینس کیسے لائیں؟ | Zeeshan Usmani,13K views,4:51,,
How to Earn 1 Crore | ایک کروڑ کیسے کمائیں؟ | मिलियन कैसे कमाए,199K views,8:00,,
Karachi International Book Fair | کراچی انٹرنیشنل بک فیئر | Khi Exp | Zeeshan Usmani,4.9K views,4:06,,
4 Minutes 13 Seconds | ٤ منٹ ١٣ سیکنڈ,24K views,5:46,,
Pakistan or Abroad? | پاکستان میں رہیں یا باہر چلے جائیں,30K views,3:32,,
Food Business | Best Idea! | زرعی اجناس کا کاروبار | Zeeshan Usmani,10K views,6:34,,
Self Sustainability | خود کفیل,15K views,5:58,,
Speed of Justice | انصاف کی رفتار,5.5K views,4:54,,
Aqeedat aur Career | عقیدت اور کیریئر,9.7K views,4:30,,
Only Talk | باتوں کے سوداگر,17K views,7:43,,
Formula to Become Millionaire | ملینیر بننے کا فارمولا,41K views,3:47,,
Importance of Mentoring | منٹورنگ کی اہمیت,8K views,7:44,,
Benefits of Your Own Company | کمپنی کھولنے کے فائدے,49K views,6:42,,
New Continent | نیا براعظم,9.5K views,5:21,,
Curriculum to Become Wali Ullah |Wilayat Ka Nisab | ولایت کا نصاب,12K views,7:40,,
Unique Way to Focus | فوکس کا انوکھا طریقہ,44K views,8:40,,
Post Dated Love | پکّی عمر کا عشق,168K views,6:59,,
Do Not Use My Content | میرا کونٹینٹ استعمال نہ کریں,29K views,8:00,,
Take Care of Your Parents | والدین کا خیال رکھیں,12K views,6:57,,
The Wise | خاموش لوگ,262K views,5:08,,
Doglapan | دوغلا پن | Zeeshan Usmani,24K views,8:45,,
Types Of Good Mentor | اچھے مینٹور کی خصوصیات | Zeeshan Usmani,7.7K views,5:06,,
Kon Sey Dost Chordain? | A Message For Youth | Zeeshan Usmani,46K views,6:11,,https://i.ytimg.com/vi/VLfgSdD6m0k/hqdefault.jpg?sqp=-oaymwEcCNACELwBSFXyq4qpAw4IARUAAIhCGAFwAcABBg==&rs=AOn4CLA8J-CMGjrTKY808-HheT5WdIwT0A
Go Global | Register Your Company Globally | Zeeshan Usmani,16K views,5:20,,https://i.ytimg.com/vi/akZ5q8BFbuY/hqdefault.jpg?sqp=-oaymwEcCNACELwBSFXyq4qpAw4IARUAAIhCGAFwAcABBg==&rs=AOn4CLB8OprAmFGz7WsenuXgwkPXpuPEeA
Curse of Questions | سوال گزیدہ | Zeeshan Usmani,7.9K views,7:00,,https://i.ytimg.com/vi/GwqWF733Sx4/hqdefault.jpg?sqp=-oaymwEcCNACELwBSFXyq4qpAw4IARUAAIhCGAFwAcABBg==&rs=AOn4CLC03OTiGsXXn3fK5m2J0afeMmK_ng
Kon Ci Field Sey Paisy Kamana Asaan Hai? | Which Field Should I Choose? | Zeeshan Usmani,95K views,5:47,,https://i.ytimg.com/vi/3kwc-IZXiWg/hqdefault.jpg?sqp=-oaymwEcCNACELwBSFXyq4qpAw4IARUAAIhCGAFwAcABBg==&rs=AOn4CLAorJ4WfhtvBu5e_dhQzCzwxbu44A
Keep Doing What You’re Doing | Apna Kaam Jari Rakhen,12K views,3:50,,https://i.ytimg.com/vi/nkp-OFFb1uc/hqdefault.jpg?sqp=-oaymwEcCNACELwBSFXyq4qpAw4IARUAAIhCGAFwAcABBg==&rs=AOn4CLCVK19UxUQHvK3KBHQWmhdCQzwFIA
Children's Passion and Career Selection | Bachon Ka Shoq Aur Career Ka Intikhab,9K views,5:37,,https://i.ytimg.com/vi/jdYuQxUNXkw/hqdefault.jpg?sqp=-oaymwEcCNACELwBSFXyq4qpAw4IARUAAIhCGAFwAcABBg==&rs=AOn4CLDq4IiCNFTAHz2tzw0h_KvEzMvTkA
I Have Decided | Me Ne Faisla Ker Lia Hai,15K views,3:55,,https://i.ytimg.com/vi/qr3Pa5R79-Q/hqdefault.jpg?sqp=-oaymwEcCNACELwBSFXyq4qpAw4IARUAAIhCGAFwAcABBg==&rs=AOn4CLB9B6Mlbd5bgUDrBwUohcMxRGDMRg
What to do After Intermediate | Intermediate Ke Baad Kya Kare?,22K views,7:47,,https://i.ytimg.com/vi/4VRpamV3h3k/hqdefault.jpg?sqp=-oaymwEcCNACELwBSFXyq4qpAw4IARUAAIhCGAFwAcABBg==&rs=AOn4CLBQRS1CytIL1YoA9NLkAcLpuhTr7A
Something Is Missing | Kuch Kami Reh Gai Hay,17K views,10:07,,
End Well - جوتا نہ ماریں | Zeeshan Usmani,12K views,4:21,,
Take Care of Your Thoughts | اپنے ذہن کا خیال رکھیں,36K views,5:37,,
Speak Respectfully | زبان صاف رکھیں,18K views,4:03,,
Get Things Done | آلو لے کر آئیں  | आलू लाओ,20K views,5:18,,
Invest to Move Forward | آگے بڑھنے کے لئے انویسٹمنٹ کریں,29K views,5:14,,
Podcast With Masud Qazi | مسعود قاضی صاحب کے ساتھ انٹرویو | Zeeshan Usmani,8.5K views,42:07,,
Jahan Ja Rahe Hain | جہاں جا رہے ہیں | Abdullah Ki Kahani,12K views,4:27,,
Animal Farm Aur Nishtar Hospital | اینیمل فارم اور نشتر ہسپتال,12K views,6:17,,
Audio Leaks | Podcast with Shahmeer Amer,8.1K views,17:41,,
Audio Leaks | آڈیو لیکس,19K views,11:04,,
Inna lillahi wa inna ilayhi raji'un | إِنَّا ِلِلَّٰهِ وَإِنَّا إِلَيْهِ رَاجِعُونَ,32K views,7:16,,
SUSI Scholarship For Undergraduates,11K views,4:29,,
Fighting Husband & Wife | میاں بیوی کے جھگڑے  | पति-पत्नी का झगड़ा,15K views,6:20,,
"Amma YouTube, Abba TikTok | امّاں یو ٹیوب، ابّا ٹک ٹاک | माँ YouTube, पिताजी टिक टोक",16K views,5:42,,
Why Father is Angry | باپ کو غصّہ کیوں آتا ہے | पापा को गुस्सा क्यों आता है?,14K views,7:13,,
Keeping to Yourself | سب کچھ دل کے اندر | सब दिल के भीतर,22K views,6:15,,
Bumpy Ride | جلیبی | जलेबी,13K views,5:50,,
How to Earn Money from Your Home | گھر سے پیسہ کمائیں | घर बैठे पैसे कमाएं,50K views,8:23,,
Reality of Selling on Amazon | ایمازون بزنس کی اصل حقیقت | Amazon Business की असली हकीकत,119K views,19:01,,
Types of Leadership | لیڈرشپ کی قسمیں,8.5K views,3:51,,
Free Education | فری ایجوکیشن,27K views,5:30,,
Apathy | بے حسی,18K views,7:32,,https://i.ytimg.com/vi/kYiX1YCiYGM/hqdefault.jpg?sqp=-oaymwEcCNACELwBSFXyq4qpAw4IARUAAIhCGAFwAcABBg==&rs=AOn4CLD0ujV2Qz05KsHQHB_t9P1cBiOZgw
After the Flood | سیلاب کے بعد,5.1K views,3:38,,https://i.ytimg.com/vi/m1MKM5kHmYs/hqdefault.jpg?sqp=-oaymwEcCNACELwBSFXyq4qpAw4IARUAAIhCGAFwAcABBg==&rs=AOn4CLAVsEp0sH8NXMtNElG-BreRPaiS4A
Stuck in Career | کیریئر میں پھنس گیا ہوں,22K views,8:17,,https://i.ytimg.com/vi/5fImwAoQD0A/hqdefault.jpg?sqp=-oaymwEcCNACELwBSFXyq4qpAw4IARUAAIhCGAFwAcABBg==&rs=AOn4CLABrsG63k4z6RuZ97nc2Q0vHLfeYg
Pick Your Side | سائیڈ چن لیں,14K views,3:50,,https://i.ytimg.com/vi/_qLTGoBsqXk/hqdefault.jpg?sqp=-oaymwEcCNACELwBSFXyq4qpAw4IARUAAIhCGAFwAcABBg==&rs=AOn4CLBRtgkf3p8bINXvszfIsH8OeHLEAg
Break from News | نیوز سے بریک,8.1K views,3:02,,https://i.ytimg.com/vi/9rqoY7cB8sc/hqdefault.jpg?sqp=-oaymwEcCNACELwBSFXyq4qpAw4IARUAAIhCGAFwAcABBg==&rs=AOn4CLB34l8f8DxcfQD2NNI-YXmowbAnEQ
Make Your List | فہرست بنائیں,30K views,5:40,,https://i.ytimg.com/vi/bZmSYFAo0Dg/hqdefault.jpg?sqp=-oaymwEcCNACELwBSFXyq4qpAw4IARUAAIhCGAFwAcABBg==&rs=AOn4CLDpnDknnRO6UShPQETQmcOyLFuPCw
Your Truth | آپکا سچ,12K views,3:13,,https://i.ytimg.com/vi/5CxWSAzvtwQ/hqdefault.jpg?sqp=-oaymwEcCNACELwBSFXyq4qpAw4IARUAAIhCGAFwAcABBg==&rs=AOn4CLCwPFZhv2n5t4mFrEkQEEGiqryDXw
How to Pray? | دعا کیسے مانگیں؟,38K views,16:19,,https://i.ytimg.com/vi/Zl8_E52k3Ks/hqdefault.jpg?sqp=-oaymwEcCNACELwBSFXyq4qpAw4IARUAAIhCGAFwAcABBg==&rs=AOn4CLB5fC5yBVTOl6qcCDp9aAq5wN_Iqg
"Past, Present & Future | ماضی، حال اور مستقبل",18K views,7:49,,
NAFAC - Naval Academy Foreign Affairs Conference,6.9K views,3:21,,
SCUSA - Student Conference on US Affairs,6.7K views,3:12,,
National Security Workshop (NSW) - نیشنل سیکورٹی ورکشاپ,9.8K views,6:23,,
Which Questions To Ask? |  کون سے سوالات | कौन सा प्रश्न पूछना है,9.7K views,5:38,,
Take Care of Your Parents | ماں باپ کا خیال رکھیں | अपने माता-पिता का ख्याल रखना,20K views,8:35,,
Only For Girls | لڑکیوں کے لئیے | केवल लड़कियों के लिए,68K views,12:12,,
Zeeshan Usmani Shorts | یو ٹیوب شارٹس چینل,12K views,2:33,,
Career Counseling Road Blocks | کیریئر کونسلنگ روڈ بلاکس,13K views,6:38,,
Four Things to Do Daily | روزانہ کرنے کے چار کام,54K views,6:57,,
Faith is in Danger | ایمان خطرے میں ہے!,14K views,6:03,,
What to do in Breakup? | محبّت چھوڑ جاۓ تو,32K views,9:24,,
Loneliness | تنہائی  | अकेलापन,32K views,7:21,,
Religion is a Personal Matter | دین ذاتی معاملہ ہے,18K views,7:00,,
Eisenhower Fellowship | آئزن ہاور فیلو شپ,11K views,3:29,,
Mental Torture | فکری زیادتی | बौद्धिक शोषण,25K views,6:34,,
Career Counseling - کیریئر کونسلنگ,46K views,15:36,,
Lying | جھوٹ,19K views,5:49,,
UGrad Scholarship | انڈرگریڈ اسکالر شپ,14K views,2:25,,
Skills Meshup | سکلز کا فالودہ,27K views,4:07,,
Why Floods Are Coming? | سیلاب کیوں آرہے ہیں؟ | बाढ़ क्यों आती है?,76K views,9:11,,
All the Ways You Can go to America | امریکہ جانے کے سارے راستے | अमेरिका जाने के सभी रास्ते,92K views,25:49,,
Long Distance Relationship | طویل فاصلاتی رشتے  | दूर के रिश्ते,26K views,6:54,,https://i.ytimg.com/vi/C2T5CyKXHyA/hqdefault.jpg?sqp=-oaymwEcCNACELwBSFXyq4qpAw4IARUAAIhCGAFwAcABBg==&rs=AOn4CLADwNaH1s_gkUzt1r0K6LnYNKKClg
Niagara Falls | دل نشیں آبشاریں  | Zeeshan Usmani,12K views,8:44,,https://i.ytimg.com/vi/PJWhcmbb7Rw/hqdefault.jpg?sqp=-oaymwEcCNACELwBSFXyq4qpAw4IARUAAIhCGAFwAcABBg==&rs=AOn4CLCJs8qylkEjzCggoF5XFaUUP_l78Q
Diversity as a career tool,13K views,6:07,,https://i.ytimg.com/vi/_dPWcQaCjI4/hqdefault.jpg?sqp=-oaymwEcCNACELwBSFXyq4qpAw4IARUAAIhCGAFwAcABBg==&rs=AOn4CLBBWTfmaaHp2Sj4DtEJLLKoC-7pXg
Fraudistan Part 1 - فراڈستان پارٹ 1 | Zeeshan Usmani,102K views,8:34,,https://i.ytimg.com/vi/ATvluv2Cmns/hqdefault.jpg?sqp=-oaymwEcCNACELwBSFXyq4qpAw4IARUAAIhCGAFwAcABBg==&rs=AOn4CLD04yqJNEPv85QrNJJo7oB58_Wecw
Deer in Backyard | ہرن سے ملاقات,11K views,3:37,,https://i.ytimg.com/vi/J8QzHRlky30/hqdefault.jpg?sqp=-oaymwEcCNACELwBSFXyq4qpAw4IARUAAIhCGAFwAcABBg==&rs=AOn4CLCP2C_tTwU5_lBGP5Hpcz7a8Rg70w
Flood Situation | سیلاب کی صورت حال,10K views,5:40,,https://i.ytimg.com/vi/D_kD-5cj4IQ/hqdefault.jpg?sqp=-oaymwEcCNACELwBSFXyq4qpAw4IARUAAIhCGAFwAcABBg==&rs=AOn4CLDSnDLXIoLCbvNvcU3AEiEBe4JwfQ
Refuge | پناہ,18K views,12:24,,https://i.ytimg.com/vi/KkMDQDKRQ5o/hqdefault.jpg?sqp=-oaymwEcCNACELwBSFXyq4qpAw4IARUAAIhCGAFwAcABBg==&rs=AOn4CLA33SY_HksX5KGsjmnsWrvJz1js8w
Apne Aap Se Naraz Hojaien | اپنے آپ سے ناراض ہوجائیں,58K views,10:13,,https://i.ytimg.com/vi/9ofBUYFA8ao/hqdefault.jpg?sqp=-oaymwEcCNACELwBSFXyq4qpAw4IARUAAIhCGAFwAcABBg==&rs=AOn4CLDpX2eYpwsZW3-_ewQPu-CsEwp_Dw
Economic Reality | معاشی حقیقت,20K views,6:13,,
When Salary is Not Enough | تنخواہ پوری نہیں پڑتی,31K views,5:26,,
Getting Insulted | جب کوئی ذلیل کرے,135K views,10:08,,
Why Me? | میں ہی کیوں؟,23K views,5:57,,
Qari - Teach Quran Online | آن لائن قرآن پڑھائیں - قاری حضرات کا اپنا پلیٹ فارم,65K views,6:32,,
Pakistan Independence Day | یوم آزادی مبارک,9.3K views,4:23,,
Make Money from Digital Marketing | ڈیجیٹل مارکیٹنگ سے پیسا کمائیں,35K views,3:16,,
Savings | بچت,104K views,9:28,,
Don't Talk Like This | ایسا نہیں بولتے | अस्सा नी बुलट,25K views,7:33,,
Speed | رفتار | रफ़्तार,16K views,5:43,,
Desire to Take Revenge | بدلہ کی آگ,17K views,6:16,,
What's Left | کتنی رہ گئی؟ | कितनी रह गई,22K views,4:39,,
How to go to America | امریکہ جانے کے حلال طریقے,27K views,6:06,,
Interview with Yameenuddin Ahmed | انٹرویو یامین الدین کے ساتھ,22K views,50:46,,
How to Make Money from Data Visualization? | Zeeshan Usmani,43K views,4:22,,
Bypass Surgery Jafar Abbas - بائی پاس - جعفر عبّاس,3.4K views,3:23,,
Tishnagi Jafar Abbas - تشنگی - جعفر عبّاس,2.4K views,4:35,,
Cynical People | کڑوے لوگ  | सनकी लोग,39K views,9:08,,
Daffodils (William Wordsworth) Urdu Translation,7.3K views,3:02,,
Pakistan's Situation | پاکستان کے حالات | Afaque Akhtar,4.6K views,2:13,,
Aik Urdu Ghazal | Rakh Ker Aik Dastar Sar Per Woh Sikandar Hogia | Afaque Akhtar | Urdu Poetry,3.7K views,3:03,,
Second Income | سیکنڈ انکم  | दूसरी आय,44K views,7:14,,
Unique Way of Personal Development | پرسنل ڈویلپمنٹ کا انوکھا طریقہ,39K views,7:00,,https://i.ytimg.com/vi/uFefz8QckC0/hqdefault.jpg?sqp=-oaymwEcCNACELwBSFXyq4qpAw4IARUAAIhCGAFwAcABBg==&rs=AOn4CLBvijtn6kBf7Lw7Met1_7nuykGzIw
Who is Droupadi Murmu | دروپدی مورمو کون ہے؟ | कौन हैं द्रौपडो मुर्मू,26K views,9:43,,https://i.ytimg.com/vi/TiVr0ZCskBo/hqdefault.jpg?sqp=-oaymwEcCNACELwBSFXyq4qpAw4IARUAAIhCGAFwAcABBg==&rs=AOn4CLBrv_g9_XBivG4AWhHsQ7BD4YUPFA
How You Can Help Me | آپ میری مدد کیسے کر سکتے ہیں؟ | आप किस तरह मेरी सहायता कर सकते हैं?,12K views,4:53,,https://i.ytimg.com/vi/Wuvw3ks74kA/hqdefault.jpg?sqp=-oaymwEcCNACELwBSFXyq4qpAw4IARUAAIhCGAFwAcABBg==&rs=AOn4CLAn75v5zt73CCqRvezsCt2fm3byiw
What a Common Pakistani Can Do |موجودہ صورت حال میں عوام کیا کرے؟,22K views,10:57,,https://i.ytimg.com/vi/-JVJvnMm794/hqdefault.jpg?sqp=-oaymwEcCNACELwBSFXyq4qpAw4IARUAAIhCGAFwAcABBg==&rs=AOn4CLDGeR1J-WxLJRkWrOI9raKFyIXKcQ
Divine Trigger | قدرت کا ٹریگر,22K views,7:11,,https://i.ytimg.com/vi/ubuAruhpU8k/hqdefault.jpg?sqp=-oaymwEcCNACELwBSFXyq4qpAw4IARUAAIhCGAFwAcABBg==&rs=AOn4CLDvNPGAEmVzAsMfWuDuFNt_CQ-K3A
Take Care of Your Husband | شوہر کو پھنسائیں,657K views,11:30,,https://i.ytimg.com/vi/9c9euwlp6WM/hqdefault.jpg?sqp=-oaymwEcCNACELwBSFXyq4qpAw4IARUAAIhCGAFwAcABBg==&rs=AOn4CLAlYs_Q4WLeH1ebbAFc5bbgCm1syw
Take Care of Your Wife | بیوی کو پھنسائیں,127K views,11:42,,https://i.ytimg.com/vi/6uiHxPNj3aI/hqdefault.jpg?sqp=-oaymwEcCNACELwBSFXyq4qpAw4IARUAAIhCGAFwAcABBg==&rs=AOn4CLCeP5QkqrN5DwPsK37YvrzkNuG7vw
What If Pakistan Defaults? ||क्या होगा अगर पाकिस्तान डिफॉल्ट करता है?| اگر پاکستان ڈیفالٹ کرگیا,596K views,13:42,,https://i.ytimg.com/vi/g-3n-SNFuKM/hqdefault.jpg?sqp=-oaymwEcCNACELwBSFXyq4qpAw4IARUAAIhCGAFwAcABBg==&rs=AOn4CLDmadXjLL-0XgRRnmiFd2Sy-Z1Flg
No Topic,19K views,7:19,,
Australia Immigration and Work Visa,109K views,5:39,,
De-Motivation | ڈی موٹیوشن,29K views,8:44,,
40 & Above | چالیس سے اوپر کے لوگ,19K views,6:09,,
UK High Potential Individual (HPI) & Graduate Visa,20K views,4:12,,
Patience | صبر,39K views,8:34,,
Firqa Wariat | فرقہ واریت,14K views,6:23,,
Relationship Blues | دوریاں,42K views,10:22,,
YouTube Content Ideas | یو ٹیوب کونٹینٹ آئیڈیاز,45K views,12:33,,
What You Can Do to Fight Inflation? | مہنگائی میں کیا کریں؟,52K views,12:23,,
Marriage | شادی,76K views,10:30,,
Education & Earning | تعلیم اور کمائی,42K views,9:33,,
How to Help Yourself? اپنی مدد آپ,42K views,5:47,,
Why Education is Not Helping? تعلیم بے ثمر کیوں؟,17K views,8:15,,
Solution to Unemployment | بیروزگاری کا حل,34K views,8:51,,
Love | محبت,46K views,8:48,,
Be Empty | خالی ہوجائیں,38K views,8:39,,
Selective Deeds | منتخب عنایتیں,12K views,5:31,,
Love & Money | محبت اور پیسہ,22K views,5:26,,
Emerging Technologies Channel,19K views,4:17,,
Spoon Feeding | گھر تک چھوڑ کر آئیں,25K views,8:36,,
Which Books to Read کونسی کتاب پڑھنی چاہیے؟,16K views,3:07,,
How to Read More Books زیادہ کتابیں کیسے پڑھیں؟,14K views,5:07,,https://i.ytimg.com/vi/mnLMumdrpQA/hqdefault.jpg?sqp=-oaymwEcCNACELwBSFXyq4qpAw4IARUAAIhCGAFwAcABBg==&rs=AOn4CLARzYqs1C2ee5JqFdQHONkIg4oMAQ
What to Read to Earn پیسہ کمانے کے لئے کیا پڑھیں؟,18K views,11:01,,https://i.ytimg.com/vi/0xrHqVNRtiw/hqdefault.jpg?sqp=-oaymwEcCNACELwBSFXyq4qpAw4IARUAAIhCGAFwAcABBg==&rs=AOn4CLCuOa5JrB1sQp93ExmCsEVVGepDjA
Signs of Distance From Religion | دین سے دوری کی علامات | Zeeshan Usmani,23K views,4:43,,https://i.ytimg.com/vi/nbUZC3CS46c/hqdefault.jpg?sqp=-oaymwEcCNACELwBSFXyq4qpAw4IARUAAIhCGAFwAcABBg==&rs=AOn4CLDyVvAC7ES5LHQbfkutOcBJMMo2ug
How to Earn Money from Internet انٹرنیٹ سے پیسہ کیسے کمائیں؟ Zeeshan Usmani,23K views,3:05,,https://i.ytimg.com/vi/ZtuKetUVA_8/hqdefault.jpg?sqp=-oaymwEcCNACELwBSFXyq4qpAw4IARUAAIhCGAFwAcABBg==&rs=AOn4CLAyh1_-9Uah5aDNlZyIBb4oRvB4qw
Qaroon Ka Kirdar Aur Nishan-E-Ibrat | قارون کا کردار اور نشان عبرت | Zeeshan Usmani,9.3K views,4:05,,https://i.ytimg.com/vi/wGC2CtD7QgE/hqdefault.jpg?sqp=-oaymwEcCNACELwBSFXyq4qpAw4IARUAAIhCGAFwAcABBg==&rs=AOn4CLCuMbVJJeRgaUFIpaDhUjP39v1dqg
Blockchain & Cryptocurrency | بلاک چین، بٹ کوئین اور کرپٹو کرنسی,3.8K views,2:43,,https://i.ytimg.com/vi/y0XAaam1wkQ/hqdefault.jpg?sqp=-oaymwEcCNACELwBSFXyq4qpAw4IARUAAIhCGAFwAcABBg==&rs=AOn4CLC88RvoC26bs4Y7YTdnmE0nz5XySg
Appreciation | تعریف | Zeeshan Usmani,14K views,4:20,,https://i.ytimg.com/vi/mB8iP4bAHAY/hqdefault.jpg?sqp=-oaymwEcCNACELwBSFXyq4qpAw4IARUAAIhCGAFwAcABBg==&rs=AOn4CLD4i5up__GnvAovwut87xIZefoX_w
Stress | اسٹریس | Zeeshan Usmani,24K views,4:45,,https://i.ytimg.com/vi/AQp77JvoJ6I/hqdefault.jpg?sqp=-oaymwEcCNACELwBSFXyq4qpAw4IARUAAIhCGAFwAcABBg==&rs=AOn4CLB-FclQJN_nQ7pBuY2G9vR13paiUw
Free Time | فراغت  | Zeeshan Usmani,45K views,5:16,,
Superman | سپر مین | Zeeshan Usmani,13K views,4:50,,
VC Funding for Akhira | Zeeshan Usmani,7.6K views,4:25,,
Passion & Profession | شوق اور کمائی | Zeeshan Usmani,24K views,6:29,,
Joint Family System | جوائنٹ فیملی سسٹم | Zeeshan Usmani,84K views,7:49,,
Price of Success | کامیابی کی قیمت,17K views,4:24,,
Free Bachelors and Masters from USA | امریکا سے بچلرز اور ماسٹرز مفت میں,33K views,3:09,,
Jald Bazi | جلد بازی,37K views,6:16,,
Addicted to Pleasure | لذّتوں کے صدقے,23K views,9:28,,
Book Review - Metaverse | میٹا ورس - کتاب کا تعارف  | Zeeshan Usmani,8.1K views,3:17,,
Learn To Thank Your Wife | اپنی بیوی کا شکریہ ادا کرنا سیکھئے | Zeeshan Usmani,24K views,3:47,,
What Not To Do? | کیا نہیں کرنا,26K views,3:49,,
Earn Money from Mobile | موبائل فون سے پیسہ کمائیں,169K views,4:44,,
Our Youth | ہمارے نوجوان,15K views,10:35,,
Rooh Afza | روح افزا,33K views,6:14,,
Tragedy of Indian Muslims | انڈین مسلمانوں کا المیہ,21K views,7:52,,
Happy Birthday | سالگرہ مبارک,19K views,12:49,,
NASA Tour - Behind The Scene | Zeeshan Usmani,20K views,13:15,,
My Constituency | میرا حلقہ | Zeeshan Usmani,18K views,7:17,,
Mirror | آئینہ,11K views,5:23,,
Addiction Cure | بری عادتوں سے کیسے چھٹکارہ پائیں؟,22K views,5:34,,
American Visa EB2 (NIW Program) - امریکہ کیسے جائیں؟,368K views,10:53,,
Husband & Wife | میاں بیوی,160K views,11:08,,https://i.ytimg.com/vi/WHjJNOKyTlY/hqdefault.jpg?sqp=-oaymwEcCNACELwBSFXyq4qpAw4IARUAAIhCGAFwAcABBg==&rs=AOn4CLA2DyxDdVPBSehzOlfTk2jpv2bkLg
Political Influence | پولیٹیکل انفلوینز,5.6K views,5:21,,https://i.ytimg.com/vi/bV_lgaRNIdc/hqdefault.jpg?sqp=-oaymwEcCNACELwBSFXyq4qpAw4IARUAAIhCGAFwAcABBg==&rs=AOn4CLD9frEqsjrL29NbjVMOJw09Ua-HVw
And Ramdhan is Gone! | اور رمضان گذر گیا!,6.5K views,5:04,,https://i.ytimg.com/vi/BsmTaeVlYmY/hqdefault.jpg?sqp=-oaymwEcCNACELwBSFXyq4qpAw4IARUAAIhCGAFwAcABBg==&rs=AOn4CLA9m6UVulUhndpwXi4xIPWitV5veg
How its Going to End? | جائیں گے کیسے؟,15K views,7:40,,https://i.ytimg.com/vi/r-WA8cUCaRA/hqdefault.jpg?sqp=-oaymwEcCNACELwBSFXyq4qpAw4IARUAAIhCGAFwAcABBg==&rs=AOn4CLDEWo3tGZPGeXcBZztjzLs0H7lHmQ
What PTI Can Do? پی ٹی آئ کیا کرے؟,16K views,10:34,,https://i.ytimg.com/vi/UXAGgMlDTRE/hqdefault.jpg?sqp=-oaymwEcCNACELwBSFXyq4qpAw4IARUAAIhCGAFwAcABBg==&rs=AOn4CLBVHciJHzGGzgfBTcRR1M4SO9VosQ
What Pakistan Should Do? | پاکستان کیا کرے؟,28K views,17:15,,https://i.ytimg.com/vi/f5qdGGs7Kw8/hqdefault.jpg?sqp=-oaymwEcCNACELwBSFXyq4qpAw4IARUAAIhCGAFwAcABBg==&rs=AOn4CLDLL3KbPZ5FVXZrJdT6_eZ8ASTQUA
What Indian Muslims Should Do? | انڈیا کے مسلمان کیا کریں؟,125K views,9:56,,https://i.ytimg.com/vi/w4dQlJ-20y0/hqdefault.jpg?sqp=-oaymwEcCNACELwBSFXyq4qpAw4IARUAAIhCGAFwAcABBg==&rs=AOn4CLByrqLenOSc2Yzv-xab8UUYf_J9Fw
La Waris | لا وارث,11K views,6:17,,https://i.ytimg.com/vi/v1vsVeUYRow/hqdefault.jpg?sqp=-oaymwEcCNACELwBSFXyq4qpAw4IARUAAIhCGAFwAcABBg==&rs=AOn4CLBGUIM7jHT3-UlpS3rxDk-QL814aw
Pakistani Politics | سیاسی حالات پر غیر سیاسی تبصرہ,67K views,15:13,,
What Happened in Sri Lanka? | سری لنکا میں کیا ہوا؟,74K views,6:32,,
How to Curse?  اسلامی بد دُعانیں,36K views,14:12,,
Talk with Love | بات محبت سے کریں | Zeeshan Usmani,25K views,3:52,,
Digital Evidence | برقی ثبوت | Zeeshan Usmani,10K views,5:42,,
Over Exposure | اوور ایکسپوزر | Zeeshan Usmani,17K views,8:47,,
3 Bricks | تین اینٹیں | Zeeshan Usmani,20K views,5:44,,
How to Move Forward | آگے بڑھنے کا طریقہ | Zeeshan Usman,39K views,3:48,,
"No Work, No Action | عمل کچھ نہیں | Zeeshan Usmani",40K views,7:27,,
Disadvantages of Learning | علم کے نقصانات | Zeeshan Usmani,24K views,3:16,,
Someone Died | کوئی مرگیا | Zeeshan Usmani,16K views,4:25,,
Appreciate Pakistan | پاکستان کی قدر کریں | Zeeshan Usmani,8.6K views,5:04,,
Emerging Technologies Channel ایمرجنگ ٹیکنالوجیز چینل | Zeeshan Usmani,18K views,5:20,,
Talk to Allah | اللہ سے باتیں کریں | Zeeshan Usmani,486K views,11:07,,
Georgia Aquarium | انوکھی مچھلیاں | Zeeshan Usmani,11K views,3:58,,
Javed Ghamidi Follow Up | جاوید غامدی صاحب سے ملاقات فالو اپ,18K views,9:56,,
Javed Ghamidi Sey Mulaqat | Meeting With Javed Ghamdi Sahib | Zeeshan Ul Hassan Usmani,69K views,23:38,,
How To Contact Me? | مجھ سے کیسے کنٹیکٹ کریں؟ | Zeeshan Usmani,28K views,5:35,,
Ways to Fight | لڑائی کے طریقے | Zeeshan Usmani,30K views,8:13,,
Why Pray? | دعا کیوں مانگیں؟ | Zeeshan Usmani,26K views,10:01,,
Masters From Home | گھر بیٹھے ماسٹرز کیسے کریں؟ | Zeeshan Usmani,15K views,3:11,,
Bachelors From Home | گھر بیٹھے بیچلرز کیسے کریں؟ | Zeeshan Usmani,29K views,6:01,,
Intermediate From Home | گھر بیٹھے انٹرمیڈیٹ کیسے کریں؟ | Zeeshan Usmani,13K views,4:13,,https://i.ytimg.com/vi/YWcYtNxasB4/hqdefault.jpg?sqp=-oaymwEcCNACELwBSFXyq4qpAw4IARUAAIhCGAFwAcABBg==&rs=AOn4CLDzskhpRjWCda4N4X85plsh-9jWVg
Dr. Israr Ahmed's Channel | ڈاکٹر اسرار احمد کا چینل کیوں بند ہوا؟ | Zeeshan Usmani,63K views,7:08,,https://i.ytimg.com/vi/D12PL4oo7b8/hqdefault.jpg?sqp=-oaymwEcCNACELwBSFXyq4qpAw4IARUAAIhCGAFwAcABBg==&rs=AOn4CLAe7iqnqPbOn44mr6ih_naZY_2-Tw
Home Schooling | گھر بیٹھے اسکولنگ کیسے کریں؟ | Zeeshan Usmani,20K views,8:20,,https://i.ytimg.com/vi/z4Rn2jq6a84/hqdefault.jpg?sqp=-oaymwEcCNACELwBSFXyq4qpAw4IARUAAIhCGAFwAcABBg==&rs=AOn4CLBRHOi5Hx4UTfGt_4V0QVIvpYxH0w
Other Side of the Bridge | پل کے اس پار | Zeeshan Usmani,16K views,7:00,,https://i.ytimg.com/vi/H5H53_rJj38/hqdefault.jpg?sqp=-oaymwEcCNACELwBSFXyq4qpAw4IARUAAIhCGAFwAcABBg==&rs=AOn4CLB_nEQoM1F7fTp9rqybe6Wx1tWNlA
Gap Year | Zeeshan Usmani,13K views,3:15,,https://i.ytimg.com/vi/ZCWagwpdGgY/hqdefault.jpg?sqp=-oaymwEcCNACELwBSFXyq4qpAw4IARUAAIhCGAFwAcABBg==&rs=AOn4CLDEYiQdOORyA1eNL91uBL0o_hPcFg
Purchase the Loyalty | وفاداری پال لیں | Zeeshan Usmani,12K views,4:03,,https://i.ytimg.com/vi/rPddn1GvurU/hqdefault.jpg?sqp=-oaymwEcCNACELwBSFXyq4qpAw4IARUAAIhCGAFwAcABBg==&rs=AOn4CLB19NLDVUuLApA9arQ4UzMTC0PpdA
Why Networking? | نیٹ ورکنگ کی ضرورت | Zeeshan Usmani,11K views,4:39,,https://i.ytimg.com/vi/I4-gn9AkW7M/hqdefault.jpg?sqp=-oaymwEcCNACELwBSFXyq4qpAw4IARUAAIhCGAFwAcABBg==&rs=AOn4CLClkh8kZa4ILtdt1SDhUZWwFntPVg
Greedy Algorithms | Zeeshan Usmani,6.6K views,4:25,,https://i.ytimg.com/vi/dcdYPdfoYzs/hqdefault.jpg?sqp=-oaymwEcCNACELwBSFXyq4qpAw4IARUAAIhCGAFwAcABBg==&rs=AOn4CLAa_7-cRDnFLXWomJ5MkAJeD566xw
Gufhtugu App Launched | Zeeshan Usmani,300K views,3:48,,
People Change | لوگ بدل جاتے ہیں | Zeeshan Usmani,22K views,4:34,,
Loneliness | تنہائی | Zeeshan Usmani,41K views,5:26,,
Why Meet? | ملنے میں کیا رکھا ہے؟ | Zeeshan Usmani,22K views,5:38,,
Work With Me Final   چلو کوئی نہیں | Trust | Zeeshan Usmani,20K views,3:43,,
Work With Me - امہات المومنین | Zeeshan Usmani,10K views,2:50,,
Work With Me - Questions Against Islam | Zeeshan Usmani,9.6K views,5:33,,
Work With Me - Pakistani Curriculum | Zeeshan Usmani,12K views,8:27,,
مدارس کے طلبا کیا کریں؟ | What Madarsa Students Can Do | Zeeshan Usmani,23K views,8:24,,
Education is the Best Revenge | تعلیم بہترین انتقام ہے | Zeeshan Usman,28K views,6:10,,
Cost of Unavailability | نہ ہونے کی قیمت | Zeeshan Usmani,18K views,6:57,,
Work and Work | کام، کام اور کام | Zeeshan Usmani,65K views,6:55,,
Someone Watching | کوئی دیکھ رہا ہے | Zeeshan Usmani,18K views,5:08,,
Mother | मां | ماں | Zeeshan Usmani,288K views,15:46,,
College Dropout | کالج ڈراپ آوٹ,15K views,9:34,,
We All Are Angry  | ہم سب ناراض ہیں,42K views,8:17,,
"26,000 Books",18K views,6:58,,
Free Courses | فری کورسز,71K views,4:07,,
Nafs Wali Sarkar | نفس والی سرکار,28K views,8:59,,
Pakistan Trip | پاکستان کی زیارت,16K views,13:39,,
Evils of Time 2 | وقت کا شر - 2 | Zeeshan Usmani,24K views,6:14,,
YouTube Silver Award | یو ٹیوب سلور ایوارڈ | Zeeshan Usmani,18K views,6:25,,
Your Questions | آپ کے سوالات | Zeeshan Usmani,23K views,12:17,,https://i.ytimg.com/vi/K0b7WT1XU0Q/hqdefault.jpg?sqp=-oaymwEcCNACELwBSFXyq4qpAw4IARUAAIhCGAFwAcABBg==&rs=AOn4CLBulUFyLWXzDrBPUgGVLFeXHDwBdQ
Meeting with Molana Abdul Sattar Sb | مولانا عبدالستار صاحب سے ملاقات | Zeeshan Usmani,36K views,6:29,,https://i.ytimg.com/vi/w1saifnKerA/hqdefault.jpg?sqp=-oaymwEcCNACELwBSFXyq4qpAw4IARUAAIhCGAFwAcABBg==&rs=AOn4CLBS33fj5D93ImN2cW2sRosAA4eHaw
Meeting with Fareedun | فریدون سے ملاقات | Zeeshan Usmani,13K views,4:00,,https://i.ytimg.com/vi/EFItrbzA5ww/hqdefault.jpg?sqp=-oaymwEcCNACELwBSFXyq4qpAw4IARUAAIhCGAFwAcABBg==&rs=AOn4CLDzjnZaGeDl2MOIM7eIXWvTpiTOZQ
Justuju Ka Safar | جستجو کا سفر,14K views,3:23,,https://i.ytimg.com/vi/DnjBgmezL0c/hqdefault.jpg?sqp=-oaymwEcCNACELwBSFXyq4qpAw4IARUAAIhCGAFwAcABBg==&rs=AOn4CLCNNdLYHZAoHIMsVg_ID2oM7jOsNw
Evil of Time | وقت کا شر | Zeeshan Usmani,48K views,3:43,,https://i.ytimg.com/vi/UXl_UaprbKY/hqdefault.jpg?sqp=-oaymwEcCNACELwBSFXyq4qpAw4IARUAAIhCGAFwAcABBg==&rs=AOn4CLBGuk6QmsL74dumLJ28AbUqhhx_CQ
Allah is Everything | رب سب کچھ ہے | Zeeshan Usmani,79K views,6:08,,https://i.ytimg.com/vi/Q7Pi9UutBhA/hqdefault.jpg?sqp=-oaymwEcCNACELwBSFXyq4qpAw4IARUAAIhCGAFwAcABBg==&rs=AOn4CLAEntDSh1kjkmPCm_MKVl1350S5dA
Questions from Scholars About CryptoCurrencies | Zeeshan Usmani,29K views,6:12,,https://i.ytimg.com/vi/cYxaUAQcoSM/hqdefault.jpg?sqp=-oaymwEcCNACELwBSFXyq4qpAw4IARUAAIhCGAFwAcABBg==&rs=AOn4CLCMTQiO8qafNsIJaJ1loeYWHrXMgQ
Data Scrapping 27 Tools | Zeeshan Usmani,33K views,10:52,,https://i.ytimg.com/vi/Oxj1jMX0CG4/hqdefault.jpg?sqp=-oaymwEcCNACELwBSFXyq4qpAw4IARUAAIhCGAFwAcABBg==&rs=AOn4CLDf8lV0RqxdEEhqp07b7SZ4mHb4rw
Saylani Trust | سیلانی ٹرسٹ | Zeeshan Usmani,22K views,3:40,,
Meeting with Mufti Tariq Masood | مفتی طارق مسعود سے ملاقات | Zeeshan Usmani,343K views,15:53,,
Crypto Currency & Darwinian Evolution | Zeeshan Usmani,10K views,13:53,,
Cost of Business | کام کی لاگت | Zeeshan Usmani,32K views,4:02,,
Sleep | نیند | Zeeshan Usmani,251K views,5:26,,
Work With Me - Read Foundation,22K views,3:52,,
In Search of Role Models | مثالی شخصیت کی تلاش | Zeeshan Usmani,26K views,5:58,,
Are you a Driver? | کیا آپ ڈرائیور ہیں؟ | Zeeshan Usmani,19K views,7:08,,
You Doing Nothing? | کیا آپ کچھ نہیں کرتے؟ | Zeeshan Usmani,65K views,5:21,,
Thought Leadership | ذہن سازی | Zeeshan Usmani,54K views,9:32,,
Are You Unmarried? | کیا آپ کنوارے ہیں؟ | Zeeshan Usmani,113K views,5:46,,
Emotional Torture | جذباتی تشدد  | भावनात्मक यातना | Zeeshan Usmani,21K views,7:51,,
Are you a Molvi?|  کیا آپ مولوی صاحب ہیں؟ | Zeeshan Usmani,37K views,10:01,,
Are You Programmer? | کیا آپ پروگرامر ہیں؟ | Zeeshan Usmani,23K views,5:06,,
Work with Me - Old Age Home | ماں باپ جمع کرائیں | Zeeshan Usmani,29K views,7:39,,
Self-made Frustration | خود ساختہ نا امیدی | Zeeshan Usmani,73K views,6:32,,
What's Wrong with Money? | پیسہ سے کیا دشمنی ہے؟ | Zeeshan Usmani,63K views,12:06,,
How to Learn? | سیکھیں کیسے؟ | Zeeshan Usmani,40K views,4:56,,
Kaggle Tutorial | Zeeshan Usmani,16K views,13:37,,
For Women Only | خواتین کے لئے | Zeeshan Usmani,418K views,13:38,,
Hidden Agenda | خفیہ سازش | Zeeshan Usmani,26K views,10:14,,
What to Read to Earn? پیسہ کمانے کے لئے کیا پڑھیں؟ | Zeeshan Usmani,47K views,11:01,,
Day Trading Tutorial Part 2 | ڈے ٹریڈنگ سیکھیں | Zeeshan Usmani,26K views,10:12,,https://i.ytimg.com/vi/i3P09bcS_LM/hqdefault.jpg?sqp=-oaymwEcCNACELwBSFXyq4qpAw4IARUAAIhCGAFwAcABBg==&rs=AOn4CLBZAGQ8MogQ8XoF7V52XYEESMzj0w
Day Trading Tutorial Part 1 | ڈے ٹریڈنگ سیکھیں | Zeeshan Usmani,56K views,9:36,,https://i.ytimg.com/vi/LxMArgKI5xQ/hqdefault.jpg?sqp=-oaymwEcCNACELwBSFXyq4qpAw4IARUAAIhCGAFwAcABBg==&rs=AOn4CLB5yBfotrraRnonyu0uyGJQcy_A0g
Metaverse and Oculus 2 Unboxing | Zeeshan Usmani,29K views,9:45,,https://i.ytimg.com/vi/hI3QW3GcG-c/hqdefault.jpg?sqp=-oaymwEcCNACELwBSFXyq4qpAw4IARUAAIhCGAFwAcABBg==&rs=AOn4CLDZ8nlgQnn_Qgx1hfmhjjQPnrhKwA
Interview Preparation Hacks | انٹرویو میں کامیابی کے طریقے | Zeeshan Usmani,13K views,6:49,,https://i.ytimg.com/vi/vTeuizoaHBY/hqdefault.jpg?sqp=-oaymwEcCNACELwBSFXyq4qpAw4IARUAAIhCGAFwAcABBg==&rs=AOn4CLDXLdEPsvO5Kpw2X-08HyyfENTRCw
Your Comments | آپکے کمنٹس | Zeeshan Usmani,14K views,8:51,,https://i.ytimg.com/vi/QONmikmlqsY/hqdefault.jpg?sqp=-oaymwEcCNACELwBSFXyq4qpAw4IARUAAIhCGAFwAcABBg==&rs=AOn4CLDT8_3GIJJWu0wfhEvNjvHjXF2DaQ
Social Blade | سوشل بلیڈ | Zeeshan Usmani,12K views,9:37,,https://i.ytimg.com/vi/Q1_nT1ZNYa8/hqdefault.jpg?sqp=-oaymwEcCNACELwBSFXyq4qpAw4IARUAAIhCGAFwAcABBg==&rs=AOn4CLDmyWv6dDnBv6VBYZW1HG6oBqh0Zw
How to Promote YouTube Channel Through Ads? | اشتہار کی مدد سے یو ٹیوب چینل کیسے کامیاب کریں؟,24K views,14:03,,https://i.ytimg.com/vi/nuInJo5U4QQ/hqdefault.jpg?sqp=-oaymwEcCNACELwBSFXyq4qpAw4IARUAAIhCGAFwAcABBg==&rs=AOn4CLAESBp3jAsKb3kUZPtLgCzzKGyfbw
YouTube Ads Tutorial | یو ٹیوب پر اشتہار کیسے چلائیں؟,41K views,7:16,,https://i.ytimg.com/vi/X7xgDh7N8hU/hqdefault.jpg?sqp=-oaymwEcCNACELwBSFXyq4qpAw4IARUAAIhCGAFwAcABBg==&rs=AOn4CLBgeZfZaKgYFP6nTi8KGB5CG5ltfQ
VidIQ Tutorial | YouTube SEO tool | Zeeshan Usmani,10K views,3:03,,
How to Use YouTube Analytics? | یو ٹیوب انالیٹکس کو کیسے استعمال کریں؟ | Zeeshan Usmani,19K views,13:30,,
60 Years and Above | 60 سال سے اوپر کیا کریں  | Zeeshan Usmani,26K views,4:41,,
What to do in 50 to 60 Years of Age? ٥٠ سے ٦٠ سال کی عمر میں کیا کریں؟,43K views,5:07,,
What to Do in 40 to 50 Years of Age? | 40 سے 50 سال کی عمر میں کیا کریں | Zeeshan Usmani,538K views,13:56,,
What to do in 30 to 40 Years of Age? ٣٠ سے ٤٠ سال کی عمر میں کیا کریں؟,79K views,7:12,,
What to Do in 20 to 30 Years of Age? | 20 سے 30 سال کی عمر میں کیا کریں ؔ | Zeeshan Usmani,60K views,4:14,,
What to in 10 to 20 Years of Age? ١٠ سے ٢٠ سال کی عمر میں کیا کریں؟,35K views,5:06,,
What to do in 5 to 10 Years of Age? | 5 سے 10 سال کی عمر میں کیا کریں  | Zeeshan Usmani,33K views,6:12,,
Deen Ki Ponzi Schemes | دین کی پونزی اسکیمیں | Zeeshan Usmani,120K views,20:45,,
How to Switch Your Career? | پیشہ کیسے تبدیل کریں؟ | Zeeshan Usmani,55K views,16:13,,
Search Engine Optimization | سرچ انجن آپٹیمائیزیشن | Zeeshan Usmani,53K views,11:56,,
1 to 5 Years Children's |  ١  سے ٥ سال | Zeeshan Usmani,64K views,7:00,,
For Binish Bhagwanee | بینش بھاگوانی کے نام | Zeeshan Usmani,43K views,10:50,,
Dedicated Books Channel | کتابوں والا چینل | Zeeshan Usmani | Must Read Books,29K views,2:38,,
Biggest Reason for Domestic Disputes | گھریلو جھگڑوں کا سب سے بڑا سبب | Zeeshan Usmani,79K views,8:38,,
"How to Get 100,000 Subscribers in 48 Hours? ایک لاکھ سبسکرائبرز 48 گھنٹوں میں | Zeeshan Usmani",251K views,8:42,,
Thank You Once Again | ایک باری پھر شکریہ | Zeeshan Usmani,11K views,3:08,,
Henry Kissinger Formula | ہنری کسنجر فارمولا | Zeeshan Usmani,44K views,5:12,,
Are You Happy or Not? | آپ خوش ہیں یا نا خوش؟ | Zeeshan Usmani,53K views,4:05,,
Thank You | آپ کا شکریہ | Zeeshan Usmani,11K views,5:00,,
Importance of Pain | درد کی اہمیت | Zeeshan Usmani,38K views,4:10,,
Are You Over Qualified? | کیا آپ اوور کوالیفائیڈ ہیں؟ | Zeeshan Usmani,13K views,5:05,,https://i.ytimg.com/vi/4y5y9lyBeaY/hqdefault.jpg?sqp=-oaymwEcCNACELwBSFXyq4qpAw4IARUAAIhCGAFwAcABBg==&rs=AOn4CLAjWUUEX_YKf3TLRyEO8b9WFT3qlg
My Time Will Come | اپنا ٹائم آئیگا | Zeeshan Usmani,39K views,4:27,,https://i.ytimg.com/vi/ixX88HUI2D8/hqdefault.jpg?sqp=-oaymwEcCNACELwBSFXyq4qpAw4IARUAAIhCGAFwAcABBg==&rs=AOn4CLD_8I7n9hGiTsbJYODrIZ8kvaIGrA
For Sake of Enemies | دشمنوں کے صدقے | Zeeshan Usmani,62K views,13:38,,https://i.ytimg.com/vi/Kpq5jDpdOaA/hqdefault.jpg?sqp=-oaymwEcCNACELwBSFXyq4qpAw4IARUAAIhCGAFwAcABBg==&rs=AOn4CLClECn33sHaEWrD_sxr8B4tAl-EZw
Over Thinking | حد سے زیادہ سوچنا | zeeshan usmani,83K views,5:32,,https://i.ytimg.com/vi/AKDg0S_8nAQ/hqdefault.jpg?sqp=-oaymwEcCNACELwBSFXyq4qpAw4IARUAAIhCGAFwAcABBg==&rs=AOn4CLAqYGjGJvZSJwePPCdTLz039MtbFg
Know Your Worth | اپنی قدر پہچانیں؟  | Zeeshan Usmani,108K views,4:53,,https://i.ytimg.com/vi/zBlo19GN_6Y/hqdefault.jpg?sqp=-oaymwEcCNACELwBSFXyq4qpAw4IARUAAIhCGAFwAcABBg==&rs=AOn4CLCqIls46ZWK1WshSfbFehd1wcoDeQ
The Philosopher's Stone | پارس پتھر | Zeeshan Usmani,15K views,4:08,,https://i.ytimg.com/vi/WWzUYJlwwsM/hqdefault.jpg?sqp=-oaymwEcCNACELwBSFXyq4qpAw4IARUAAIhCGAFwAcABBg==&rs=AOn4CLBNQNEB7Sfmsm9IaFzOdSl_F9NDDw
Where to Start Your Career? | سٹارٹ کہاں سے کریں؟ | Zeeshan Usmani,125K views,10:17,,https://i.ytimg.com/vi/z0JaSEXpcRo/hqdefault.jpg?sqp=-oaymwEcCNACELwBSFXyq4qpAw4IARUAAIhCGAFwAcABBg==&rs=AOn4CLDYpOnr4zDg9oRNRnGD-kk4zhrxnA
The Secret of Success | ترقی کا فارمولا | Zeeshan Usmani,465K views,9:36,,https://i.ytimg.com/vi/tc2mDfHI3FE/hqdefault.jpg?sqp=-oaymwEcCNACELwBSFXyq4qpAw4IARUAAIhCGAFwAcABBg==&rs=AOn4CLD9cE7V79AeGmXfS72hODdD1fEe8g
Ferry Ride - Tallinn to Helsinki | Zeeshan Usmani,6.9K views,5:41,,
Account of Tears | آنسوؤں کا اکاؤنٹ | Zeeshan Usmani,131K views,9:42,,
How to Pay Off Your Loans? | قرضہ کیسے اتاریں؟ | Zeeshan Usmani,260K views,3:46,,
Let's Understand Father | باپ کو پہچانیں | Zeeshan Usmani,173K views,10:06,,
Tallinn Old Town and Danish King’s Garden | Zeeshan Usmani,4.7K views,6:55,,
Snow Castle | برفانی گھر | Zeeshan Usmani,4.1K views,2:35,,
Year’s Bookkeeping | سال کا محاسبہ  | Zeeshan Usmani,7.6K views,2:45,,
نفرت کے لئے وقت | Time Of Hate | Zeeshan Usmani,11K views,3:18,,
فقیری میں غرور | Pride in the poor | Zeeshan Usmani,12K views,4:01,,
Luxury in poverty | غربت میں عیاشی | Zeeshan Usmani,316K views,3:20,,
Virtual Internship | ورچوئل انٹرن شپ | Zeeshan Usmani,110K views,4:20,,
What to do in New Year | نئے سال میں کیا کریں؟ | Zeeshan Usmani,58K views,15:36,,
Happy New Year 2022 | نیا سال مبارک,8.1K views,4:45,,
Education in Post-Covid World | کورونا کے دور میں تعلیم | Zeeshan Usmani,10K views,25:08,,
Endowment | وقف | Zeeshan Usmani,12K views,6:45,,
How to Be Authentic | Zeeshan Usmani,11K views,4:13,,
Sins Jackpot | گناہوں کی لاٹری | Zeeshan Usmani,10K views,7:20,,
What Expat Pakistanis Can Do? | بیرون ملک مقیم پاکستانی کیا کریں؟ | Zeeshan Usmani,73K views,8:32,,
Jealous Peoples | حاسدین کی برکت | Zeeshan Usmani,333K views,7:34,,
Follow Up | جب فیملی ذلیل کرے | Zeeshan Usmnai,32K views,6:32,,
جب فیملی ذلیل کرے,628K views,6:24,,
Who You Should Be Friends With? | دوست کسے بنائیں؟ | Zeeshan Usmani,19K views,5:31,,
Interview with a Donkey | گدھے کا انٹرویو | Zeeshan Usmani,43K views,5:22,,https://i.ytimg.com/vi/a_FtQ0-0YoI/hqdefault.jpg?sqp=-oaymwEcCNACELwBSFXyq4qpAw4IARUAAIhCGAFwAcABBg==&rs=AOn4CLDyjEd7OPrb7G7u7ZcJria9HLiHcQ
How to Make Friends? | دوست کیسے بنائیں؟ | Zeeshan Usmani,78K views,6:53,,https://i.ytimg.com/vi/BJSQgtEYFcc/hqdefault.jpg?sqp=-oaymwEcCNACELwBSFXyq4qpAw4IARUAAIhCGAFwAcABBg==&rs=AOn4CLCC0pa2tCQmtuLkmrAAdm6LxHGP2w
Teacher | استاد | Zeeshan Usmani,12K views,7:01,,https://i.ytimg.com/vi/_5GC8P-lO4o/hqdefault.jpg?sqp=-oaymwEcCNACELwBSFXyq4qpAw4IARUAAIhCGAFwAcABBg==&rs=AOn4CLDmUwwOsBrRw_prtzfhAdBSYO-Krg
The Burden of not being able to do anything | کچھ نہ کر سکنے کا بوجھ | Zeeshan Usmani,52K views,3:49,,https://i.ytimg.com/vi/MIJeh_NDP_Q/hqdefault.jpg?sqp=-oaymwEcCNACELwBSFXyq4qpAw4IARUAAIhCGAFwAcABBg==&rs=AOn4CLC_ExIZ5m9XAByo8i4fzuzyEjtE3g
Interview of Bear | بھالو کا انٹرویو | Zeeshan Usmani,68K views,3:09,,https://i.ytimg.com/vi/ey0Ucwkcq5k/hqdefault.jpg?sqp=-oaymwEcCNACELwBSFXyq4qpAw4IARUAAIhCGAFwAcABBg==&rs=AOn4CLCBNzE4eB8mabf1GtK9U1kM_IBCBw
Don't Poison the Lives | زہر نہ گھولئے | Zeeshan Usmani,18K views,5:10,,https://i.ytimg.com/vi/GLNoS6T68Iw/hqdefault.jpg?sqp=-oaymwEcCNACELwBSFXyq4qpAw4IARUAAIhCGAFwAcABBg==&rs=AOn4CLD--KAGUsu--6pLIZnnSKD9QIR24Q
What Housewives Can Do? | ہاؤس وائف کیا کریں؟ | Zeeshan Usmani,287K views,10:28,,https://i.ytimg.com/vi/piP5Fw2Djx0/hqdefault.jpg?sqp=-oaymwEcCNACELwBSFXyq4qpAw4IARUAAIhCGAFwAcABBg==&rs=AOn4CLChCskX68XzUs3tQC3CbMFYqS2o9A
Watch Old Videos | پرانی ویڈیوز | Zeeshan Usmani,3.7K views,3:41,,https://i.ytimg.com/vi/ttjksasMMQk/hqdefault.jpg?sqp=-oaymwEcCNACELwBSFXyq4qpAw4IARUAAIhCGAFwAcABBg==&rs=AOn4CLBwCmjrYl-FIS58T1maR4Fu03zEAw
Passion | حوصلہ افزائی | لگن | Zeeshan Usmani,55K views,9:51,,
Let's Motivate |  موٹیویشن کا سوال ہے بابا | Zeeshan Usmani,30K views,6:12,,
What is Hope | امید | Zeeshan Usmani,13K views,4:45,,
Lets Count | آئیے کاؤنٹنگ کریں | Zeeshan Usmani,8.7K views,6:03,,
Have Some Patience | کھال موٹی رکھیں | Zeeshan Usmani,71K views,6:18,,
Zero Gravity Flight | کشش ثقل کے بغیر سفر | Zeeshan Usmani,33K views,9:43,,
How to Select the Right Profession?  | صحیح فیلڈ کا انتخاب | Zeeshan Usmani,38K views,5:59,,
How to Take Revenge? بدلہ لینے کے طریقے | Zeeshan Usmani,508K views,6:45,,
Questions? سوال | Zeeshan Usmani,9.2K views,6:45,,
How to Communicate? کمیونیکشن کے طریقے,17K views,5:07,,
Take Care of People | لوگوں کا خیال رکھیں | Zeeshan Usmani,15K views,6:14,,
Hold My Hand | ہاتھ پکڑ کر چلانے والا | Zeeshan Usmani,21K views,8:21,,
Take Care of Mosques | مساجد کا خیال رکھیں | Zeeshan Usmani,4.6K views,5:07,,
Where the World is Going? دنیا کہاں جا رہی ہے؟ | Zeeshan Usmani,43K views,8:52,,
Personal Branding | پرسنل برانڈنگ | Zeeshan Usmani,17K views,6:30,,
Speechless Women | ان کہی عورتیں | Zeeshan Usmani,51K views,4:34,,
Benefits and Harms of Joining this Channel | چینل کے فوائد اور نقصانات | Zeeshan Usmani,8.3M views,2:08,,
How to Quit Porn Addiction? | فحش فلموں سے چھٹکارا کیسے حاصل کریں؟,18K views,13:36,,
Why Arrogance? غرور کس بات کا؟ | Zeeshan Usmani,16K views,7:04,,
Follow Someone | مان کر چلیں | Zeeshan Usmani,28K views,10:07,,
How to Launch Online Quran Academy? آن لائن قرآن اکیڈمی کیسے کھولیں؟ | Zeeshan Usmani,72K views,10:29,,
Importance of making dua | دعا تو مانگیں | Zeeshan Usmani,437K views,14:02,,
What to Do? کرنا کیا ہے؟ | Zeeshan Usmani,47K views,7:19,,https://i.ytimg.com/vi/BMedth2jxwk/hqdefault.jpg?sqp=-oaymwEcCNACELwBSFXyq4qpAw4IARUAAIhCGAFwAcABBg==&rs=AOn4CLCXpWA2NI-qGMVScPWppRPNhiJ0-w
Incomplete People | ادھورے لوگ | Zeeshan Usmani,25K views,3:47,,https://i.ytimg.com/vi/7tBecuRgsUM/hqdefault.jpg?sqp=-oaymwEcCNACELwBSFXyq4qpAw4IARUAAIhCGAFwAcABBg==&rs=AOn4CLCJ-cauDsIznIMEKqypXjwBUYKOTQ
My ZERO GRAVITY Experience | کشش ثقل کے بغیر سفر,139K views,12:44,,https://i.ytimg.com/vi/EK1apcy4g2s/hqdefault.jpg?sqp=-oaymwEcCNACELwBSFXyq4qpAw4IARUAAIhCGAFwAcABBg==&rs=AOn4CLB08w4hYzrIRQeerGKObWkGoMFpvA
Repent | رجوع کریں؟,6.6K views,4:04,,https://i.ytimg.com/vi/oJngmr6TnVA/hqdefault.jpg?sqp=-oaymwEcCNACELwBSFXyq4qpAw4IARUAAIhCGAFwAcABBg==&rs=AOn4CLDZtQInNs1zrZuAfwbdCrdXYB8XsA
Rizq | رزق,685K views,6:37,,https://i.ytimg.com/vi/kgHGJaiEr4c/hqdefault.jpg?sqp=-oaymwEcCNACELwBSFXyq4qpAw4IARUAAIhCGAFwAcABBg==&rs=AOn4CLAVvWac5H8Tc1HIFTjXZ-RFeUzIrQ
Pregnant the Opportunity | موقع سے موقع نکالیں,12K views,3:35,,https://i.ytimg.com/vi/riizOM9mDKM/hqdefault.jpg?sqp=-oaymwEcCNACELwBSFXyq4qpAw4IARUAAIhCGAFwAcABBg==&rs=AOn4CLBzmYKpWmDCjhbLABIFHFbPv1t_CA
Learn to Appreciate | تعریف کریں,8.3K views,4:20,,https://i.ytimg.com/vi/od-oBTaIR_w/hqdefault.jpg?sqp=-oaymwEcCNACELwBSFXyq4qpAw4IARUAAIhCGAFwAcABBg==&rs=AOn4CLCH3cR6_OJ3udriA8HdxF-7r4HNlg
Personal Questions | ذاتی سوالات,8.7K views,4:22,,https://i.ytimg.com/vi/KHIZ3-qpnqw/hqdefault.jpg?sqp=-oaymwEcCNACELwBSFXyq4qpAw4IARUAAIhCGAFwAcABBg==&rs=AOn4CLCDEhKuWeKuUTLhmbfOpirljCTdDw
Idle Nation | فارغ قوم,116K views,6:42,,
How to Travel Outside Pakistan? | پاکستان سے باہر کیسے جائیں؟,217K views,12:34,,
A Unique Way of Personal Development | پرسنل ڈویلپمنٹ کا انوکھا طریقہ,240K views,6:51,,
How Can You Benefit From Me? | آپ مجھ سے فائدہ کیسے اٹھا سکتے ہیں؟,58K views,7:41,,
Don't Limit the Possibilities | امکانات کو محدود نہ کریں,9.4K views,4:11,,
Garage Sale | گیراج سیل,10K views,5:13,,
Promote Your Deeds | نیکیوں کی تشہیر,5K views,5:48,,
Don't Be Afraid | ڈرنا چھوڑیں,247K views,5:13,,
What Madarsa Students Can Do? | علمائے کرام / مدارس کے طلبا کیا کریں؟,110K views,3:48,,
New Collar Jobs | نیو کالر جابز,23K views,7:14,,
Character Curriculum | کامیاب کردار,5.4K views,3:45,,
Episodes of Sorrows | غموں کا البم,7.8K views,3:36,,
Kids Education During Pandemic | کورونا میں بچوں کی تعلیم,2.3K views,3:21,,
Get out | باہر نکلیں,70K views,3:53,,
Forgive Yourself | اپنے آپکو معاف کریں,26K views,3:46,,
Do Not Minus Allah | اللہ سائیں کو مائنس نہ کریں,30K views,6:30,,
Sorry for Absence | غیر حاضری کی معذرت,8.6K views,7:47,,
How to Perform Hajj in 2021? | 2021 में हज कैसे करें | ٢٠٢١|  میں حج کیسے کریں؟,2.6K views,4:46,,
ٹوہ کی عادت,22K views,7:18,,
Waste Your Time |  وقت ضائع کرنا  | खाक फाँकना,19K views,3:34,,
Solution for Corruption | کرپشن کا حل  | भ्रष्टाचार का समाधान,3.4K views,4:11,,
Criticism | تنقید | आलोचना,6.3K views,6:48,,
How to Find Jobs on LinkedIn? | لنکڈ ان پر جاب کیسے ڈھونڈیں؟,37K views,7:23,,https://i.ytimg.com/vi/heHbWNE-8x0/hqdefault.jpg?sqp=-oaymwEcCNACELwBSFXyq4qpAw4IARUAAIhCGAFwAcABBg==&rs=AOn4CLCiW85hxBlg7xlCLmrz5sYCmbK77w
How to Verify Twitter Account | ٹویٹر  اکاؤنٹ ویریفائی کرائیں,8.5K views,3:39,,https://i.ytimg.com/vi/oH-ihvSmyG8/hqdefault.jpg?sqp=-oaymwEcCNACELwBSFXyq4qpAw4IARUAAIhCGAFwAcABBg==&rs=AOn4CLBJIF9tyeC5LdP94e2hzd4sNiUxEw
Benefits of Silence | چپ کے فوائد,2.2M views,6:24,,https://i.ytimg.com/vi/_z3NFJCEuSo/hqdefault.jpg?sqp=-oaymwEcCNACELwBSFXyq4qpAw4IARUAAIhCGAFwAcABBg==&rs=AOn4CLBpMm6H1jd0MA_SMKmpnee2jePEnQ
Why Kaggle? | کیگل کیوں؟ | केगेल क्यों?,19K views,4:35,,https://i.ytimg.com/vi/Vh_LriNAMN8/hqdefault.jpg?sqp=-oaymwEcCNACELwBSFXyq4qpAw4IARUAAIhCGAFwAcABBg==&rs=AOn4CLBaO5BE884zYsopYzlCbd-YIQ64VQ
How to Verify Facebook Account (Blue Badge) | فیس بک پر اکاؤنٹ ویریفائی کرائیں,28K views,4:52,,https://i.ytimg.com/vi/F26GG0HjzSg/hqdefault.jpg?sqp=-oaymwEcCNACELwBSFXyq4qpAw4IARUAAIhCGAFwAcABBg==&rs=AOn4CLB6P6b0dCScVS6-Q_m4cJr8y3arVQ
Learn to Surrender | ہارنا سیکھیں,46K views,4:11,,https://i.ytimg.com/vi/IXwgnKoxCLE/hqdefault.jpg?sqp=-oaymwEcCNACELwBSFXyq4qpAw4IARUAAIhCGAFwAcABBg==&rs=AOn4CLD7irepkU6V-Gk6KmIdvuOTuHXdXg
Self Development | سیلف ڈویلپمنٹ,33K views,4:28,,https://i.ytimg.com/vi/f07u4s6aTMU/hqdefault.jpg?sqp=-oaymwEcCNACELwBSFXyq4qpAw4IARUAAIhCGAFwAcABBg==&rs=AOn4CLDBGPTAw3mo-rSiANjhiDcmMDk6yQ
Self Control | سیلف کنٹرول,72K views,4:33,,https://i.ytimg.com/vi/hXEDZxeWMl4/hqdefault.jpg?sqp=-oaymwEcCNACELwBSFXyq4qpAw4IARUAAIhCGAFwAcABBg==&rs=AOn4CLCuMXbYxWt9z7qogNX4pM3x4GMISA
Dua Syncing | دعاؤں کی زندگی سے مطابقت,51K views,6:15,,
Disease | بیماریاں,10K views,3:44,,
Full Circle | فل سرکل,5.9K views,5:24,,
Learn to Pray | دعا مانگنا سیکھیں,389K views,8:36,,
How to Learn Python | پائتھن کیسے سیکھیں؟,309K views,4:22,,
Book Signing Ceremony,2.9K views,0:53,,
Read Foundation Schools,11K views,1:36,,
My Library | میری لائبریری  | मेरा पुस्तकालय,93K views,13:01,,
جگت بازی,11K views,5:24,,
غلطی | Mistake | गलती,7K views,4:58,,
How Much You Eat? |आप कितना खाते हैं|آپ کتنا کھاتے ہیں؟,10K views,3:06,,
Life management tips | ٹھر جائیں | Money management tips | How to get close to Allah? | Urdu/Hindi,8K views,3:19,,
How to avoid negative thoughts? | لیکن | How to stay positive and consistent in life? | Life Hacks,9.4K views,3:36,,
What is Taqwa in Urdu? | تقویٰ کا پاسورڈ | Importance of Taqwa | Taqwa kya hai | Taqwa,7K views,3:32,,
The importance of Knowledge | How to absorb Knowledge? | How to learn? | Power of knowledge,24K views,3:50,,
Believe in Allah | Faith in Allah | Trust in Allah | Allah Almighty | Urdu/Hindi,8.6K views,4:29,,
How to Avoid Distractions and stay focused in life | Distraction | Urdu/Hindi,37K views,4:41,,
E-Commerce business in Pakistan - پاکستان میں ای-کامرس | How to start E-Commerce business,37K views,4:43,,
Shakir shuja abadi best poetry | shakir shuja abadi shero shayari |کلیات شاکر | kuliat-e-Shakir,3.5K views,4:00,,
How to Learn Digital Marketing? | Digital marketing in Urdu | Digital marketing in Hindi,466K views,5:30,,
What is Kaggle? ؛کیگل کیا ہے ؟ | Kaggle in Urdu | Kaggle in Hindi | Kaggle projects,62K views,6:08,,
How to being Successful in life | Rules of Success | 2021 Success Formula,12K views,5:12,,
Our Relationship with Allah [فائدہ اور تھکن  | Faida or Thakan | लाभ और थकान ],25K views,3:26,,https://i.ytimg.com/vi/Ti9IcsBtMww/hqdefault.jpg?sqp=-oaymwEcCNACELwBSFXyq4qpAw4IARUAAIhCGAFwAcABBg==&rs=AOn4CLCeHuCT6IJosMZpiduhxqu50PtEhQ
ریحان اللہ والا سے چبھتے سوالات,79K views,42:35,,https://i.ytimg.com/vi/bETjYxNIsLk/hqdefault.jpg?sqp=-oaymwEcCNACELwBSFXyq4qpAw4IARUAAIhCGAFwAcABBg==&rs=AOn4CLDD545lvhuAGzaErKm55HdlDq4FHA
شیطان کی دکان,17K views,6:00,,https://i.ytimg.com/vi/2-8cpu5Sc-g/hqdefault.jpg?sqp=-oaymwEcCNACELwBSFXyq4qpAw4IARUAAIhCGAFwAcABBg==&rs=AOn4CLALTUV52Osx_EW8f0DShploZiYPfQ
آپ کیا کر سکتے ہیں؟,10K views,4:37,,https://i.ytimg.com/vi/MqEeOrSqfKI/hqdefault.jpg?sqp=-oaymwEcCNACELwBSFXyq4qpAw4IARUAAIhCGAFwAcABBg==&rs=AOn4CLAmKlUcgu1mEN5dpUSZHWTK2tPC-A
موبائل فون اور ہم,17K views,3:21,,https://i.ytimg.com/vi/d2XZ8yVGnLE/hqdefault.jpg?sqp=-oaymwEcCNACELwBSFXyq4qpAw4IARUAAIhCGAFwAcABBg==&rs=AOn4CLB45dKBEWX3nYlusAMY47_unnaInQ
Productivity,7.9K views,4:00,,https://i.ytimg.com/vi/zLeOZGOtguI/hqdefault.jpg?sqp=-oaymwEcCNACELwBSFXyq4qpAw4IARUAAIhCGAFwAcABBg==&rs=AOn4CLCiBzd0tcet8HQdnbNrluQa3gj57Q
Thought Partners,4.8K views,3:08,,https://i.ytimg.com/vi/UTLLrlugpI8/hqdefault.jpg?sqp=-oaymwEcCNACELwBSFXyq4qpAw4IARUAAIhCGAFwAcABBg==&rs=AOn4CLBx5-Z7IxVEo-q-xvb7Wyrw9Dx5FQ
Who Do I Follow on YouTube? | میں یو ٹیوب پر کس کو فالو کرتا ہوں؟,27K views,5:28,,https://i.ytimg.com/vi/FuBydZzy3Sc/hqdefault.jpg?sqp=-oaymwEcCNACELwBSFXyq4qpAw4IARUAAIhCGAFwAcABBg==&rs=AOn4CLBhD20NaAdrzi8raDeizC1ZoVrAyA
Three Stages of Life - زندگی کے تین ادوار,15K views,4:08,,
Worry Break - وقفہ پریشانی,3.4K views,3:02,,
چائلڈ لیبر,2.8K views,6:11,,
Do Not Stop Making Money | پیسہ نہ کمانے کی غلطی,138K views,4:10,,
آرزوئیں,4.7K views,3:07,,
Why I prefer Urdu over other languages | Zeeshan Usmani | اردو کیوں؟,8.4K views,4:10,,
Get retired | Retirement planning in Pakistan | ریٹائر ہوجائیں,8.2K views,3:39,,
نیا سال مبارک,1.9K views,4:45,,
Pareshan.com | آپ پریشان کیوں ہیں؟ | तुम क्यों परेशान हो,14K views,5:08,,
To Do List (TDL) | How to plan your day | (HINDI / URDU),22K views,3:43,,
Silent Deeds | خاموش دعا | मौन प्रार्थना,81K views,4:06,,
"Unsubscribe My Channel, IF|میرا چینل کو  سبسکرائب نہ کریں، اگر | मेरे चैनल को सब्सक्राइब न करें, अगर",6.8K views,4:17,,
ایڈوائزر کی نصیحت | Advisor's Advice,8.1K views,4:54,,
چاۓ کے کپ کی کہانی,8.7K views,3:38,,
Part Time Hypocrite | پارٹ ٹائم منافق,19K views,5:44,,
عبداللہ سے ملاقات,57K views,6:32,,
What to do in New Year? -  नए साल में क्या करें? - نئے سال میں کیا کریں؟,19K views,15:36,,
تعریف کریں,3.8K views,3:10,,
تنقید نہ کریں,3.8K views,3:10,,
Life Biggest Regret,14K views,4:37,,
مرچ مصالحہ,8.4K views,4:43,,
شیخ ذکی سے ملاقات,11K views,7:00,,
آپ قیمتی ہیں,29K views,6:34,,https://i.ytimg.com/vi/p-Y7PJCrhv0/hqdefault.jpg?sqp=-oaymwEcCNACELwBSFXyq4qpAw4IARUAAIhCGAFwAcABBg==&rs=AOn4CLDKmqK8Sku_f7iZphMwIhmOeDNIxw
اپنا احترام کریں,167K views,3:48,,https://i.ytimg.com/vi/1cXce5kbvVc/hqdefault.jpg?sqp=-oaymwEcCNACELwBSFXyq4qpAw4IARUAAIhCGAFwAcABBg==&rs=AOn4CLBFD7rvfZyAWyXfftBE4okZ2xwkLA
پیسہ پورا نہیں پڑتا,21K views,3:58,,https://i.ytimg.com/vi/y2wGZ4Pr6J8/hqdefault.jpg?sqp=-oaymwEcCNACELwBSFXyq4qpAw4IARUAAIhCGAFwAcABBg==&rs=AOn4CLAbwCpqHz8A8GbuZLOpjbG39Jiuew
The Missing Semester,5.4K views,4:54,,https://i.ytimg.com/vi/RQ9knmJ_FYk/hqdefault.jpg?sqp=-oaymwEcCNACELwBSFXyq4qpAw4IARUAAIhCGAFwAcABBg==&rs=AOn4CLBcnnoGDHLjxAhZrPnzOSpTFfKt5g
بات پوری کریں,7.5K views,4:23,,https://i.ytimg.com/vi/rSIbTxJhCR8/hqdefault.jpg?sqp=-oaymwEcCNACELwBSFXyq4qpAw4IARUAAIhCGAFwAcABBg==&rs=AOn4CLA_5Xof6mZ0EC5KFKBj6kPcf7geRA
Confused.com,250K views,4:59,,https://i.ytimg.com/vi/X-ejg4_GcmA/hqdefault.jpg?sqp=-oaymwEcCNACELwBSFXyq4qpAw4IARUAAIhCGAFwAcABBg==&rs=AOn4CLAFAmEpv5jc25M0ye0TrzarN3xG8w
جاب کیسے کریں جب کوئی جاب نہ ہو؟,22K views,6:28,,https://i.ytimg.com/vi/mHeHxxQjjiE/hqdefault.jpg?sqp=-oaymwEcCNACELwBSFXyq4qpAw4IARUAAIhCGAFwAcABBg==&rs=AOn4CLAG72jvLPrjoOvRZcM94ezc6QAHcQ
تسبیح کی کہانی,69K views,3:55,,https://i.ytimg.com/vi/oUvRcu-Knc8/hqdefault.jpg?sqp=-oaymwEcCNACELwBSFXyq4qpAw4IARUAAIhCGAFwAcABBg==&rs=AOn4CLAaGyD-7JxDV_U3OWB5IZW0143hvA
اخلاص,3.5K views,3:10,,
مجھے نوکری کیوں نہیں ملتی؟,7K views,3:29,,
انگریزی کیوں سیکھیں؟,12K views,3:35,,
بچوں کو کتنا پڑھاتے ہیں؟,16K views,8:05,,
بریکنگ نیوز,3.9K views,3:28,,
محنت کریں,35K views,5:25,,
ایمرجنگ ٹیکنالوجیز,55K views,4:41,,
آئیں ریا کاری کریں,4.4K views,4:22,,
کاموں کے پانچ مراحل,6.5K views,4:26,,
قبولیت کے تین راستے,34K views,5:09,,
Silent Curse - خاموش بد دعا,1.4M views,6:45,,
کچھوا، خرگوش اور سٹارٹ اپس,24K views,10:49,,
گفتگو پبلیکیشنز کا تعارف,4.8K views,8:27,,
جینز اور ولایت,8K views,4:44,,
دوسرا موقع - Second Chance,18K views,7:19,,
نقل نیکیاں,5.9K views,6:16,,
کیریئر کاؤنسلنگ - تشخیص,6.7K views,4:48,,
خاندانی جھگڑے,6.2K views,2:48,,
کیریئر کاؤنسلنگ - ١,24K views,3:05,,
دوہری شہریت - ا,4.7K views,5:26,,
دوہری شہریت - اا,6.1K views,6:55,,
انٹرنیٹ سے پیسہ کیسے کمائیں؟,25K views,3:05,,
عادتوں کی ہجرت,14K views,4:00,,https://i.ytimg.com/vi/inrlkqNZfV0/hqdefault.jpg?sqp=-oaymwEcCNACELwBSFXyq4qpAw4IARUAAIhCGAFwAcABBg==&rs=AOn4CLAhOVQNFi7cA5m8nM-AqgUmxIqRMQ
استقامت,6.5K views,3:11,,https://i.ytimg.com/vi/eZWr8nHRkOQ/hqdefault.jpg?sqp=-oaymwEcCNACELwBSFXyq4qpAw4IARUAAIhCGAFwAcABBg==&rs=AOn4CLA6g1IWpuC39nHKgz5hH8B8B7REhQ
اسلام آباد ائیرپورٹ اور کورونا چیکنگ,8.6K views,5:37,,https://i.ytimg.com/vi/aywJB_FMkRs/hqdefault.jpg?sqp=-oaymwEcCNACELwBSFXyq4qpAw4IARUAAIhCGAFwAcABBg==&rs=AOn4CLA3auol1BXBdnxSM9nm9JLbRslSUA
میرے چینل پر خوش آمدید,2.2K views,3:01,,https://i.ytimg.com/vi/bfUujmDduEU/hqdefault.jpg?sqp=-oaymwEcCNACELwBSFXyq4qpAw4IARUAAIhCGAFwAcABBg==&rs=AOn4CLDg8lEU_omIPx_XcIZ42STEVkfovQ
نوجوان کیا کریں - انور غازی صاحب کے ساتھ ایک مختصر نشست,27K views,14:45,,https://i.ytimg.com/vi/F0DVfDIUWwI/hqdefault.jpg?sqp=-oaymwEcCNACELwBSFXyq4qpAw4IARUAAIhCGAFwAcABBg==&rs=AOn4CLAaadPveSGbBcsRcopzt4md3LRyKA
حج 2020  کے لئے کیسے اپلائی کریں؟,2.7K views,6:22,,https://i.ytimg.com/vi/CHiUKSkJgWs/hqdefault.jpg?sqp=-oaymwEcCNACELwBSFXyq4qpAw4IARUAAIhCGAFwAcABBg==&rs=AOn4CLDIid_hdEvyZzidAs45PLty3sZPkQ
یوم وفات,2.5K views,3:08,,https://i.ytimg.com/vi/b_OApIK2T_g/hqdefault.jpg?sqp=-oaymwEcCNACELwBSFXyq4qpAw4IARUAAIhCGAFwAcABBg==&rs=AOn4CLDaSpE1LJ_9XmE8RVdQ1EYKcd1DAQ
پانچواں سیب,2.1K views,3:45,,https://i.ytimg.com/vi/01o6w7VhNNM/hqdefault.jpg?sqp=-oaymwEcCNACELwBSFXyq4qpAw4IARUAAIhCGAFwAcABBg==&rs=AOn4CLBg_C9jEA-bPEcrPI0tmEgPPjBx1w
فرضی الزھیمر,1.9K views,3:14,,
Financial Literacy for Kids,5.6K views,7:06,,
Welcome to My Course - Foundations of Artificial Intelligence,6.5K views,8:02,,
کورونا وائرس اور جھوٹی خبریں,1.7K views,5:27,,
لاک  ڈاؤن میں کیا کریں؟,3.7K views,5:49,,
Unfair Advantage,5.1K views,8:01,,
گھر بیٹھے انٹرمیڈیٹ کریں,20K views,10:40,,
دشمن,5.5K views,5:57,,
پاکستان میں کورونا وائرس - ٹیسٹنگ,941 views,7:00,,
پاکستان میں کورونا وائرس  -  صحت کا نظام,659 views,5:24,,
پاکستان میں کورونا وائرس - حکومت کیا کرے؟,675 views,5:40,,
پاکستان میں کورونا وائرس - عوام کیا کرے؟,691 views,3:48,,
پاکستان میں کورونا وائرس کے کتنے مریض ہیں؟,1.4K views,4:56,,
پاکستان میں کورونا وائرس - علماۓ کرام کا کردار,1.3K views,6:14,,
پاکستان میں کورونا وائرس,1.1K views,5:52,,
Corona Virus in Pakistan – Part 5 (Prediction),3.8K views,3:22,,
Corona Virus in Pakistan – Part 4 (What Public Can Do?),1.4K views,4:31,,
Corona Virus in Pakistan – Part 3 (What Government Can Do?),1.2K views,9:08,,
Corona Virus in Pakistan – Part 2 (Health Infrastructure),1.7K views,5:36,,
Corona Virus in Pakistan – Part 1 (Virus),3K views,8:36,,
Introduction to Corona Virus in Pakistan - Course,1.2K views,1:53,,
Math Block - Teach Mathematics at Home (KG-8th),5.8K views,1:34,,
پیچھے دیکھو,9.7K views,7:23,,https://i.ytimg.com/vi/mn9h09p5Jm0/hqdefault.jpg?sqp=-oaymwEcCNACELwBSFXyq4qpAw4IARUAAIhCGAFwAcABBg==&rs=AOn4CLDLeR1FLjWu9ZHFUdypes6m2cabQA
How to Save Time?,41K views,5:11,,https://i.ytimg.com/vi/YSRvS74hSYU/hqdefault.jpg?sqp=-oaymwEcCNACELwBSFXyq4qpAw4IARUAAIhCGAFwAcABBg==&rs=AOn4CLDXA7D2e7l4alATnVSdhlptbxzcnA
How to Improve Social Skills for Homeschooling Kids?,4.8K views,6:39,,https://i.ytimg.com/vi/LFEdA3V4pPI/hqdefault.jpg?sqp=-oaymwEcCNACELwBSFXyq4qpAw4IARUAAIhCGAFwAcABBg==&rs=AOn4CLBK_jAzEkRiJ-z5fUfdNFCLSiL1ww
Quantified Life,3.5K views,4:31,,https://i.ytimg.com/vi/1cOkIO06iBw/hqdefault.jpg?sqp=-oaymwEcCNACELwBSFXyq4qpAw4IARUAAIhCGAFwAcABBg==&rs=AOn4CLAzvd1mj0ayX7D9wnm2JMvhkuR5Ng
"Newton's Tree, Trinity College, Punting, Trinity Museum",1K views,2:41,,https://i.ytimg.com/vi/XwKRbSChXHw/hqdefault.jpg?sqp=-oaymwEcCNACELwBSFXyq4qpAw4IARUAAIhCGAFwAcABBg==&rs=AOn4CLB4wDI5jTNj_8VXNT7-yeccv9hcwA
"Grave of Stephen Hawking, Charles Darwin and Einstein",2.2K views,0:54,,https://i.ytimg.com/vi/Kr53aLPZi00/hqdefault.jpg?sqp=-oaymwEcCNACELwBSFXyq4qpAw4IARUAAIhCGAFwAcABBg==&rs=AOn4CLA8e9nEloUfDrWNayStsiK12Ceb2A
Pakistan Curriculum  ہمارا نصاب  KG Class,9.7K views,7:19,,https://i.ytimg.com/vi/LyA_BQZN77I/hqdefault.jpg?sqp=-oaymwEcCNACELwBSFXyq4qpAw4IARUAAIhCGAFwAcABBg==&rs=AOn4CLDs08WLllh1grDouWrrGm7ryDYMGw
Ability to Accept Your Fault - غلطی تسلیم کرنے کی صلاحیت,2.2K views,4:04,,https://i.ytimg.com/vi/tX1RyA2eJGw/hqdefault.jpg?sqp=-oaymwEcCNACELwBSFXyq4qpAw4IARUAAIhCGAFwAcABBg==&rs=AOn4CLAwbPtHF4h62fP3Ya7PC-1ncy6QwQ
Periodic Table - پروڈک ٹیبل,2.5K views,4:30,,
Why Learning is Important? پڑھائی کیوں ضروری ہے؟,6K views,4:38,,
What Skills to Develop in Your Child? بچوں میں کونسی صلاحیتیں اجاگر کریں؟,22K views,5:28,,
How to Select Friends? دوست کسے بنائیں؟,6.5K views,2:44,,
How to Start Home Schooling? بچوں کو گھر پر کیسے پڑھائیں؟,44K views,4:19,,
Are You Special? کیا آپ خاص ہیں؟,13K views,6:00,,
Body Language - قیافہ شناسی,8.7K views,2:49,,
Skills Versus Degree - ہنر بمقابلہ تعلیم,102K views,11:53,,
Book Review - The Mosquito,1.3K views,2:03,,
Meltdown,3.5K views,3:14,,
موقع,5.9K views,5:14,,
مستقل مزاجی,22K views,2:43,,
فلبرائٹ اسکالر شپ,13K views,5:25,,
تنقید,2.3K views,3:51,,
دوسرے ممالک کا پاسپورٹ حاصل کریں,13K views,3:20,,
Exceptional Talent Visa (UK),26K views,4:32,,
Exceptional Talent Visa (USA),30K views,2:09,,
انگریزی کیسے سیکھیں؟,196K views,5:20,,
Misconceptions about Pakistan     مغالطہ پاکستان,8.2K views,10:43,,
How to Select a Mentor?,2.5K views,4:47,,
ڈیٹا سائنس میں ملازمت کے راستے,40K views,7:57,,
آپ کتنے کے ہیں؟,11K views,4:12,,
اچھے ملازم کیسے بنیں ؟,9.5K views,6:17,,https://i.ytimg.com/vi/phNgxKUZrAc/hqdefault.jpg?sqp=-oaymwEcCNACELwBSFXyq4qpAw4IARUAAIhCGAFwAcABBg==&rs=AOn4CLCPzybD_RwJt1oN1JkFivrVbGanmA
ادھورے گناہ,17K views,6:12,,https://i.ytimg.com/vi/ROr3axJYgsg/hqdefault.jpg?sqp=-oaymwEcCNACELwBSFXyq4qpAw4IARUAAIhCGAFwAcABBg==&rs=AOn4CLDKq-e_XziGI5tFJ3LCzjXi3EC6Yg
تانیہ ایدروس سے ملاقات,44K views,17:35,,https://i.ytimg.com/vi/rGGpxujIEzw/hqdefault.jpg?sqp=-oaymwEcCNACELwBSFXyq4qpAw4IARUAAIhCGAFwAcABBg==&rs=AOn4CLBUSXk_o3CaV-Dhyp3aeTJtubR7eQ
گوگل کا استعمال,10K views,2:42,,https://i.ytimg.com/vi/BqBHymdEHP4/hqdefault.jpg?sqp=-oaymwEcCNACELwBSFXyq4qpAw4IARUAAIhCGAFwAcABBg==&rs=AOn4CLBjPX_psBgbTVZbfgU-LJvunw3rwQ
Book Review  ڈیٹا سائینس ایک تعارف,3.6K views,3:05,,https://i.ytimg.com/vi/fAzYULDgUf4/hqdefault.jpg?sqp=-oaymwEcCNACELwBSFXyq4qpAw4IARUAAIhCGAFwAcABBg==&rs=AOn4CLCPUQg0s4sTq0ptu9f-sSa9w6fynw
بچوں کی تربیت - ورچوئل سٹیزن شپ,3K views,3:35,,https://i.ytimg.com/vi/nvmD63k_7dY/hqdefault.jpg?sqp=-oaymwEcCNACELwBSFXyq4qpAw4IARUAAIhCGAFwAcABBg==&rs=AOn4CLD0CYzNKQTxJHqEDENtXvqjwxiK9w
بچوں کی تربیت - پورٹ فولیو,3.1K views,3:52,,https://i.ytimg.com/vi/lQrnHtEvH6s/hqdefault.jpg?sqp=-oaymwEcCNACELwBSFXyq4qpAw4IARUAAIhCGAFwAcABBg==&rs=AOn4CLD0-3AvIG1mtHaIUVJHUbheFHW8jQ
بچوں کی تربیت - بیوقوف بنئے,7.1K views,3:17,,https://i.ytimg.com/vi/W5sleMVBdIs/hqdefault.jpg?sqp=-oaymwEcCNACELwBSFXyq4qpAw4IARUAAIhCGAFwAcABBg==&rs=AOn4CLCB23jILUTB7SqlZ1BugxgrLbhIpw
کاسہ,2.9K views,4:30,,
وقفہ پریشانی,4.1K views,3:37,,
دوری,3.2K views,3:51,,
حیوان,1.9K views,3:27,,
پلٹنا,4.1K views,4:17,,
چیرٹی صدقہ,10K views,6:48,,
استاد,2.1K views,3:01,,
کوچ اور حریف میں فرق,1.8K views,3:38,,
سرینڈر کریں,13K views,6:13,,
چوروں کی قسمیں,2.5K views,3:24,,
Welcome to My Course - بلاک چین,7.4K views,6:16,,
نالائقی,11K views,3:14,,
زبانیں سیکھیں,18K views,5:03,,
ڈیجیٹل پاکستان - کرنے والے کام,15K views,36:33,,
Digital Pakistan ڈیجیٹل پاکستان - نہیں کرنے والے کام,16K views,18:42,,
شہری کے ریاست پر حقوق,955 views,3:57,,
Meeting With Mufti Taqi Usmani - مفتی تقی عثمانی صاحب سے ایک ملاقات,25K views,3:21,,
بچوں کی تربیت -رشتوں کا احترام,1.3K views,2:48,,
خط لکھیں,4.9K views,4:52,,
فرما ئشی پروگرام,5.7K views,5:32,,
بچوں کی تربیت - وقت کی اہمیت,3.6K views,3:40,,
ڈیجیٹل پاکستان ۔ چند گزارشات,28K views,28:50,,
ذہنی آوارگی,44K views,5:14,,https://i.ytimg.com/vi/7aip26MXwwY/hqdefault.jpg?sqp=-oaymwEcCNACELwBSFXyq4qpAw4IARUAAIhCGAFwAcABBg==&rs=AOn4CLBMEYZj_ayVOdFdNtQH0TeL4NIoZQ
بچوں کی تربیت   نسبت,9.8K views,6:59,,https://i.ytimg.com/vi/vJDysDjC3sk/hqdefault.jpg?sqp=-oaymwEcCNACELwBSFXyq4qpAw4IARUAAIhCGAFwAcABBg==&rs=AOn4CLBdSvlTGfxU-IsYfhx77eH4yIs1pg
مخدومیت کا مزاج,1.6K views,2:31,,https://i.ytimg.com/vi/aVkSJpLAo7Y/hqdefault.jpg?sqp=-oaymwEcCNACELwBSFXyq4qpAw4IARUAAIhCGAFwAcABBg==&rs=AOn4CLCiAn3aV1z69vx7ovDym-KhnxYA9w
بچوں کی تربیت - سوال,10K views,6:11,,https://i.ytimg.com/vi/X7Zs9YX1l_w/hqdefault.jpg?sqp=-oaymwEcCNACELwBSFXyq4qpAw4IARUAAIhCGAFwAcABBg==&rs=AOn4CLAIFTrkAUSNp-VSmkbHt49S2PgSEQ
بچوں کی تربیت ۔ مالی خواندگی,4.7K views,4:41,,https://i.ytimg.com/vi/A4MiGCy3iWM/hqdefault.jpg?sqp=-oaymwEcCNACELwBSFXyq4qpAw4IARUAAIhCGAFwAcABBg==&rs=AOn4CLCjWImUhOs4MP4OtLtr1YBT1ILDwA
بدتمیزی,10K views,4:29,,https://i.ytimg.com/vi/DUniF6dOq1c/hqdefault.jpg?sqp=-oaymwEcCNACELwBSFXyq4qpAw4IARUAAIhCGAFwAcABBg==&rs=AOn4CLC1T9cJlxTshMIK-R3nu65FTg-Kvg
بادشاہ سے ملاقات,29K views,5:06,,https://i.ytimg.com/vi/CGLTYb6IQjs/hqdefault.jpg?sqp=-oaymwEcCNACELwBSFXyq4qpAw4IARUAAIhCGAFwAcABBg==&rs=AOn4CLApR0wx0NMVnfA3Kt08ku2RMZlxyg
بچوں کی تربیت ۔ لفظوں کی حرمت,2.2K views,3:35,,https://i.ytimg.com/vi/67aqbHhM7_U/hqdefault.jpg?sqp=-oaymwEcCNACELwBSFXyq4qpAw4IARUAAIhCGAFwAcABBg==&rs=AOn4CLB3RnAwIYMjLxmJgN72f6vkqbFb5w
تقدس کا بھرم,3.2K views,3:40,,
گالی دینے کے آداب,42K views,4:11,,
ادھار دینے کا تجربہ,17K views,5:22,,
کارٹون کیوں دیکھنے چاہئیں؟,6.2K views,3:47,,
بچوں کی تربیت,18K views,7:17,,
دو ٹکے کا آدمی,27K views,6:35,,
Social Credit System,1.5K views,4:31,,
میں وڈیوز کیوں بناتا ہوں؟,9.2K views,5:10,,
شاعری زندگی کیلئے کیوں ضروری ہے؟,29K views,21:54,,
کندن بہروپیا,7.1K views,4:36,,
کیا آپ بیروزگار ہیں؟ پارٹ ۶,4.7K views,5:02,,
خوابوں کے سوداگر,1.8K views,3:05,,
اخلاص,3.5K views,3:00,,
Visual Reminder Learning from Cambridge University   Episode 6,4.3K views,3:16,,
زندگی پڑی ہے,9.2K views,3:36,,
Curse of Knowledge   Learning from Cambridge University   Episode 5,3.1K views,1:58,,
ڈیٹا سائنس کی دنیا میں پہلا قدم  ۔ کتاب پر تبصرہ - قسط ۲۶,1.9K views,1:51,,
کیا آپ بیروزگار ہیں؟ پارٹ ۵,13K views,10:40,,
The New Rules of Real Estate - Book Review Episode 29,2.4K views,2:38,,
I don't Know - Learning from Cambridge University - Episode 4,5.9K views,7:23,,
Rework - Book Review Episode 28,1.6K views,1:41,,
لال پین,2.8K views,2:39,,
Pathological Altruism - Book Review Episode 27,1K views,3:02,,https://i.ytimg.com/vi/sS53nFwcKjs/hqdefault.jpg?sqp=-oaymwEcCNACELwBSFXyq4qpAw4IARUAAIhCGAFwAcABBg==&rs=AOn4CLBlprHux71sQvCO6CxdZaKp-YZD0g
Reverse Mentoring - Learning from Cambridge University - Episode 4,4.3K views,4:29,,https://i.ytimg.com/vi/TpqcXNp8eFg/hqdefault.jpg?sqp=-oaymwEcCNACELwBSFXyq4qpAw4IARUAAIhCGAFwAcABBg==&rs=AOn4CLAj2U6y3_AA8MF4xVrKyo0oTva90Q
"My Courses on Data Science, Artificial Intelligence & Block chain",25K views,31:35,,https://i.ytimg.com/vi/iGDFTtI7nqM/hqdefault.jpg?sqp=-oaymwEcCNACELwBSFXyq4qpAw4IARUAAIhCGAFwAcABBg==&rs=AOn4CLCIqngNaMGwXeGqcPJT3ILWsaaJAA
Let There be Water - Book Review Episode 26,825 views,2:14,,https://i.ytimg.com/vi/EBJN__NR1U0/hqdefault.jpg?sqp=-oaymwEcCNACELwBSFXyq4qpAw4IARUAAIhCGAFwAcABBg==&rs=AOn4CLCWcOv1ftQSp5smpBhVy0IeVizaVg
Introduction to ALP - Urdu,10K views,8:59,,https://i.ytimg.com/vi/htpMyqDkeaY/hqdefault.jpg?sqp=-oaymwEcCNACELwBSFXyq4qpAw4IARUAAIhCGAFwAcABBg==&rs=AOn4CLAChhHFjZKzGptPsOczehsEgDJFLQ
Introduction to ALP Program at Cambridge University,6.2K views,15:01,,https://i.ytimg.com/vi/kJqChZSn5Vo/hqdefault.jpg?sqp=-oaymwEcCNACELwBSFXyq4qpAw4IARUAAIhCGAFwAcABBg==&rs=AOn4CLBNmzNN-ZsNkKsbx4m-Ci_ANc2xDg
Final Year Project Ideas,46K views,5:41,,https://i.ytimg.com/vi/mje90HJipQg/hqdefault.jpg?sqp=-oaymwEcCNACELwBSFXyq4qpAw4IARUAAIhCGAFwAcABBg==&rs=AOn4CLD6DrMWmOPjMa41JaLCOMb2i6AXig
کامیاب لوگ ۔ کتاب پر تبصرہ - قسط ۲۵,2.2K views,1:27,,https://i.ytimg.com/vi/wbIIGgJ7U1Q/hqdefault.jpg?sqp=-oaymwEcCNACELwBSFXyq4qpAw4IARUAAIhCGAFwAcABBg==&rs=AOn4CLDpOi6LMqwx1zbcTFY-Rz86xeAAgg
Johari Window - Learning from Cambridge University - Episode 3,4.2K views,4:48,,
ارتقاء شاھین ۔ کتاب پر تبصرہ - قسط ۲۴,639 views,1:12,,
ماحولیاتی آلودگی,1.8K views,2:53,,
Saudi Aramco IPO English version,1.4K views,6:45,,
Investigating Cryptocurrencies - Book Review Episode 23,1.4K views,1:52,,
کیا آپ بیروزگار ہیں؟ پارٹ ۴,9.3K views,8:32,,
Saudi Aramco IPO,8.9K views,12:37,,
How Charts Lie - Book Review Episode 22,1K views,2:49,,
کمر درد کا علاج ۔ کتاب پر تبصرہ - قسط ۱۴,3.9K views,1:56,,
ہمارے ایدھی صاحب ۔ کتاب پر تبصرہ - قسط ۲۱,606 views,1:56,,
مستقبل کیسا ہوگا؟,27K views,7:55,,
Compared to What? - Book Review Episode 20,1.1K views,3:00,,
Practical Application of Mathematics - Book Review Episode 16,3.8K views,4:40,,
Giving 2.0 - Book Review Episode 19,913 views,2:29,,
غربت | Poverty,22K views,7:24,,
Infinite Games - Book Review Episode 18,1.1K views,3:43,,
How to find Mentors?,24K views,12:28,,
Ecological Census - Book Review Episode 17,673 views,2:28,,
کیا آپ بیروزگار ہیں؟ پارٹ ۳,6.1K views,5:43,,
Poverty Alleviation   Book Review Episode 15,709 views,2:26,,
Data Structures - Book Review Episode 14,1.4K views,1:28,,
ہم کیا کرسکتے ہیں,13K views,6:16,,
عبداللہ - کتاب پر تبصرہ قسط ۱۳,1K views,1:55,,https://i.ytimg.com/vi/Op_X630bkd0/hqdefault.jpg?sqp=-oaymwEcCNACELwBSFXyq4qpAw4IARUAAIhCGAFwAcABBg==&rs=AOn4CLBqXsufUR7e8HQPMF-HW4zfkJp2kg
میں نے کیمبرج یونیورسٹی میں کیا سیکھا؟  قسط ۱,19K views,6:47,,https://i.ytimg.com/vi/8t1bZI28TRw/hqdefault.jpg?sqp=-oaymwEcCNACELwBSFXyq4qpAw4IARUAAIhCGAFwAcABBg==&rs=AOn4CLCwvlEdkUW1ZZGRGl_CMejnbMlfyw
زیادہ کتابیں کیسے پڑھیں؟,51K views,5:07,,https://i.ytimg.com/vi/BLDghJZxzE4/hqdefault.jpg?sqp=-oaymwEcCNACELwBSFXyq4qpAw4IARUAAIhCGAFwAcABBg==&rs=AOn4CLBTTZDWyIohMDkLQpTmwlYrNgx1vA
Travel Diaries of Albert Einstein - Book Review Episode 12,1.6K views,2:35,,https://i.ytimg.com/vi/rjxNGh0HIR0/hqdefault.jpg?sqp=-oaymwEcCNACELwBSFXyq4qpAw4IARUAAIhCGAFwAcABBg==&rs=AOn4CLAvoCXHN0gWZoxasx0lki3AzJo38A
De-motivational Speaker,6.7K views,3:06,,https://i.ytimg.com/vi/eT86f9KBeHg/hqdefault.jpg?sqp=-oaymwEcCNACELwBSFXyq4qpAw4IARUAAIhCGAFwAcABBg==&rs=AOn4CLBdBZpuZEZc3f5vNcCEllXfOW756Q
How to manage business ideas?,3K views,1:47,,https://i.ytimg.com/vi/dgSt93mLF5E/hqdefault.jpg?sqp=-oaymwEcCNACELwBSFXyq4qpAw4IARUAAIhCGAFwAcABBg==&rs=AOn4CLBgD2bwNeU9-89lzOB53YlISBgiTQ
بندہ کسے کہتے ہیں,1.6K views,2:11,,https://i.ytimg.com/vi/2mhzQ1eVMM4/hqdefault.jpg?sqp=-oaymwEcCNACELwBSFXyq4qpAw4IARUAAIhCGAFwAcABBg==&rs=AOn4CLCPje_Z9m1Ug8voVmWpWYJbfeNNYA
C/C++,2.3K views,2:25,,https://i.ytimg.com/vi/TeRflrgSOjM/hqdefault.jpg?sqp=-oaymwEcCNACELwBSFXyq4qpAw4IARUAAIhCGAFwAcABBg==&rs=AOn4CLA4ksjTOmai_56vXy9tUvUQbtj_fw
!مسنون دعائیں,3.9K views,2:09,,
جہاز کا سفر اور ہماری زندگی!,3.4K views,4:47,,
کونسی کتاب پڑھنی چاہیے؟,8.5K views,3:07,,
"""جستجو کا سفر"" کتاب پر تبصرہ   قسط 10",1.7K views,3:01,,
دعوتِ سنگ کتاب پر تبصرہ – قسط ۹,746 views,3:12,,
"Bitcoin, Blockchain, Cryptocurrency - Book Review Episode 8",13K views,2:43,,
Kaggle for Begginers - Book Review Episode 7,10K views,3:46,,
شعور - علم سے آگھی کا سفر کتاب پر تبصرہ – قسط ۶,3.7K views,4:13,,
Introduction to BlockChain with Case Studies - Book Review Episode 5,2K views,1:56,,
"""بند کمروں کی محبت"" کتاب پر تبصرہ - قسط ۴",1.4K views,1:51,,
Imran Series - Books Review - Episode 3,2.4K views,3:43,,
14 Principles of Business/Job in Pakistan | پاکستان میں کام کرنے کے چودہ نکات,42K views,12:12,,
"""مولو مصلی"" کتاب پر تبصرہ -  سلسلہ ۱ مولو مصلی",3.8K views,2:31,,
کیا آپ بیروزگار ہیں؟ پارٹ ۲,14K views,7:32,,
کیا آپ بیروزگار ہیں؟ پارٹ ۱,13K views,4:11,,
ایک تھا گدھا,6.3K views,3:09,,
"Get equipped for 6 million new jobs in Artificial Intelligence, Data Science & Blockchain",8.2K views,1:46,,
Napkins - The Art of Everyday Living | Zeeshan Usmani,8.2K views,9:14,,
Dear Alyne in Pakistan,4.9K views,7:00,,
Niagra Falls Maid of the Mist,1.2K views,0:38,,
Zeeshan Usmani Graduation - University of Nicosia,7.2K views,0:12,,
Banner Elk Driving - North Carolina,666 views,1:48,,
Dr. Afaq Akhtar Reciting Nazm,2K views,4:08,,https://i.ytimg.com/vi/0Bj-8ZJeW3A/hqdefault.jpg?sqp=-oaymwE2CNACELwBSFXyq4qpAygIARUAAIhCGAFwAcABBvABAfgBkgOAAtAFigIMCAAQARhlIFIoSjAP&rs=AOn4CLCC-E6krIkPXblCn9pjZlJ8YbuD0w
Orlando City - Helicopter Tour,1K views,0:39,,https://i.ytimg.com/vi/qsddew2waXc/hqdefault.jpg?sqp=-oaymwEcCNACELwBSFXyq4qpAw4IARUAAIhCGAFwAcABBg==&rs=AOn4CLC6yXVVCJGzzWHpKc25-AA1JReqwg
"Niagra Falls, Canada",707 views,0:14,,https://i.ytimg.com/vi/ALmhE0f_C54/hqdefault.jpg?sqp=-oaymwEcCNACELwBSFXyq4qpAw4IARUAAIhCGAFwAcABBg==&rs=AOn4CLB3ud3aY_QBd1DEwir1kJdmFy-lYA
Papal Audience - Vatican City - Pope Lecture,663 views,1:48,,https://i.ytimg.com/vi/6yWxS2fnp-M/hqdefault.jpg?sqp=-oaymwE2CNACELwBSFXyq4qpAygIARUAAIhCGAFwAcABBvABAfgBjAKAAuADigIMCAAQARhCIFQocjAP&rs=AOn4CLB_VEEpWuEwGmHG0TREbhcN8MEFfA
"Lady Fatima Church - Fatima, Portugal",637 views,1:32,,https://i.ytimg.com/vi/b_vt1ExEReE/hqdefault.jpg?sqp=-oaymwE2CNACELwBSFXyq4qpAygIARUAAIhCGAFwAcABBvABAfgBjAKAAuADigIMCAAQARgzIFMofzAP&rs=AOn4CLCaSHWZ_irX-al9Fa8OKTDidR04Eg
Chillam Joshi Festival - Kalash,628 views,1:25,,https://i.ytimg.com/vi/VFoZUYIIPWA/hqdefault.jpg?sqp=-oaymwE2CNACELwBSFXyq4qpAygIARUAAIhCGAFwAcABBvABAfgByAGAAugCigIMCAAQARhlIFAoQjAP&rs=AOn4CLBqz64NeVIdWDyZXcwhS5116rwNtQ
Chillam Joshi Festival - Kalash,528 views,0:37,,https://i.ytimg.com/vi/3c65_Opb2xo/hqdefault.jpg?sqp=-oaymwEcCNACELwBSFXyq4qpAw4IARUAAIhCGAFwAcABBg==&rs=AOn4CLC-lGRKdQjiK2WXkqCj-_ur1c7YMQ
"Niagra Falls, NY, USA",415 views,0:06,,https://i.ytimg.com/vi/x6zbM7JisN4/hqdefault.jpg?sqp=-oaymwEcCNACELwBSFXyq4qpAw4IARUAAIhCGAFwAcABBg==&rs=AOn4CLANDI2DDXkZBJHf7O6vYEzZExI4qQ
Sea World Shamu Show,506 views,0:58,,
Turkey Wild Swing,699 views,1:40,,
"Lady Fatima Church - Fatima, Portugal",1.1K views,1:18,,
Niagra Falls - Canada - Maid of the Mist Tour,270 views,1:24,,
Holy Kaba from Clock Tower - Misk Museum,804 views,1:03,,
Jurasic Park Cave in Georgia,411 views,3:52,,
Tishnagi - Best Urdu Nazm by Syed Jafar Abbas,1.3K views,2:45,,
Dash Robot - Demo,2.3K views,1:18,,
Dubai AI - World Government Summit - Rap,707 views,1:15,,
Sea World Orlando - Shamu Show,953 views,0:55,,
Holy Kaba - Macca,549 views,0:40,,
Zeeshan Usmani Interview at Florida Tech,7.2K views,4:19,,
Question from President Zardari at CNN Live Show,7.5K views,0:19,,
Eiffel Tower Paris in Night,432 views,3:39,,
"Holy Kaba, Macca - Azan",584 views,3:24,,
Fatima Church - Portugal,505 views,1:05,,
"Lisbon, Portugal - Ler Devagar Book Store",504 views,4:24,,
Cairo - Egypt - Mazar-e-Hussain RA,534 views,1:15,,
Sea World Orlando - Shamu Show,363 views,0:58,,
Amir Khan Boxer - Misk Global Forum,477 views,2:01,,
Niagra Falls Canada,320 views,1:48,,
Niagra Falls Canada,383 views,1:24,,
Costa Rica Safari,534 views,1:27,,https://i.ytimg.com/vi/VpFWzSbnWVo/hqdefault.jpg?sqp=-oaymwE2CNACELwBSFXyq4qpAygIARUAAIhCGAFwAcABBvABAfgBlAOAAtAFigIMCAAQARhlIFwoTjAP&rs=AOn4CLAjSm5SEIrMY4-MolKkpfpO5oQzMQ
Welcome to My Page,7.6K views,3:20,,https://i.ytimg.com/vi/1i55WlDHeYY/hqdefault.jpg?sqp=-oaymwE2CNACELwBSFXyq4qpAygIARUAAIhCGAFwAcABBvABAfgBlAOAAtAFigIMCAAQARhlIF8oVTAP&rs=AOn4CLCev_EAWxNLqzI3qHa0uJudVMqvJg
15 June 2019,3.3K views,1:36,,https://i.ytimg.com/vi/AA6aasz3hOw/hqdefault.jpg?sqp=-oaymwE2CNACELwBSFXyq4qpAygIARUAAIhCGAFwAcABBvABAfgBlAOAAtAFigIMCAAQARhlIFEoRDAP&rs=AOn4CLBgwQ_RA8VBZs3MjLl9QgSRiN69Yw
Sea World Shamu  Show 2,973 views,1:30,,https://i.ytimg.com/vi/J0c3IGY1YWM/hqdefault.jpg?sqp=-oaymwEcCNACELwBSFXyq4qpAw4IARUAAIhCGAFwAcABBg==&rs=AOn4CLBnP4NrslSVKS38aQDsXc7gJFRWJw
Sea World - Shamu Show,892 views,0:18,,https://i.ytimg.com/vi/VQ9BFd11ZsY/hqdefault.jpg?sqp=-oaymwEcCNACELwBSFXyq4qpAw4IARUAAIhCGAFwAcABBg==&rs=AOn4CLCHyJZK3tHty7N7DGedqVHsF9kp6w
Indiana Jones Shooting - Hollywood Studios,1.4K views,1:34,,https://i.ytimg.com/vi/YJ1wgpm5O7A/hqdefault.jpg?sqp=-oaymwEcCNACELwBSFXyq4qpAw4IARUAAIhCGAFwAcABBg==&rs=AOn4CLAnwcVaTVBYiHhF_D0kmujJUCXkDQ
"Beauty and the Beast - Hollywood Studios, Disney Land",2.4K views,1:05,,https://i.ytimg.com/vi/WgSK7lhFqUI/hqdefault.jpg?sqp=-oaymwEcCNACELwBSFXyq4qpAw4IARUAAIhCGAFwAcABBg==&rs=AOn4CLAyvwUNv_TMc4Vkv34pwVd7e2OYig
GoFig Intro,6.3K views,1:32,,https://i.ytimg.com/vi/XAj1WL3oHpA/hqdefault.jpg?sqp=-oaymwEcCNACELwBSFXyq4qpAw4IARUAAIhCGAFwAcABBg==&rs=AOn4CLCQEXZHrh-homWTyJ8mNwpcaf6vtA
